session,quelle,thema,erstellt,selbsteinschaetzung-sprache,themenbezogenheit,logik-des-aufbaus,ausfuehrlichkeit-aussagekraft,sprachbeherrschung,komplexitaet,wortschatz-textverknuepfung,gebrauch-sprachlicher-strukturen,selbsteinschaetzung-bewertung
g6h2au00q9nlgjblnvxhl0uh7y9x3juv,Student,International tourism is now more common than ever before (for),2023-03-28 12:50:51.221722+00:00,3,5,5,4,6,5,4,4,3
6vszxf66bcd0elzhfr99j3rio2nf3jyp,ChatGPT-4,The Non-Issue of Same Sex Marriage,2023-03-28 12:51:13.030514+00:00,4,6,6,6,6,6,6,6,4
g6h2au00q9nlgjblnvxhl0uh7y9x3juv,ChatGPT-4,Using animals for the benefit of the human beings,2023-03-28 12:51:53.003723+00:00,3,4,4,4,4,4,4,4,3
iidiehcofyz0c0u11g2vu3nmgpjqlj15,ChatGPT-3,International tourism is now more common than ever before (for),2023-03-28 12:51:57.617580+00:00,1,5,4,3,4,4,4,4,0
7nny3k5b3gcxjzcvauwk10ebb1zrnhkj,ChatGPT-4,Gender Equality at university admission,2023-03-28 12:52:00.860558+00:00,3,4,2,5,1,2,3,4,1
fotpixguym6bxcv3wcjf4rjwcvbtrrb2,ChatGPT-4,Should students be taught to compete or to cooperate?,2023-03-28 12:52:03.213241+00:00,1,5,4,5,5,5,6,5,0
bnpk5arlgchs81ch0so6l8ult9uqyqiy,Student,International tourism is now more common than ever before (against),2023-03-28 12:52:08.434978+00:00,3,5,5,3,5,5,5,5,0
dc07m79j66n4bqxowx5uw2ogib8bb1zd,ChatGPT-3,Should students be taught to compete or to cooperate?,2023-03-28 12:52:14.827625+00:00,5,6,6,5,6,6,6,6,3
l8hb42vkvf2qs5c2q38qee4yk4vz34g6,ChatGPT-3,Living and studying overseas,2023-03-28 12:52:15.837198+00:00,4,4,3,2,6,3,3,5,3
tv2gkmaekp405mvx55d3rsxj9fzocyn8,ChatGPT-3,More people are migrating to other countries than ever before,2023-03-28 12:52:17.397248+00:00,5,5,6,6,6,5,5,5,3
2l8nhwu0bdi4vvlgs3e7h8l8s9w65n8q,ChatGPT-4,Will newspapers become a thing of the past?,2023-03-28 12:52:22.562148+00:00,4,5,6,5,6,6,5,6,3
gu2mqy8u00yps3emmb12kbau21v0mqy0,ChatGPT-4,Using animals for the benefit of the human beings,2023-03-28 12:52:23.040780+00:00,5,6,6,5,6,6,5,5,4
7nny3k5b3gcxjzcvauwk10ebb1zrnhkj,ChatGPT-4,Museums as a form of entertainment or education?,2023-03-28 12:52:27.923605+00:00,3,5,5,2,1,5,1,1,0
5kswaykptc8x72fo2st04imj7ubd88u5,ChatGPT-3,Computer replace  man power in jobs,2023-03-28 12:52:31.130359+00:00,3,4,4,4,5,3,5,4,3
lhvr4hzosu3w8zpxewi9lpavmvaon5a7,ChatGPT-4,Should students be taught to compete or to cooperate?,2023-03-28 12:52:31.954626+00:00,3,5,5,5,6,5,5,6,3
gpic2k2okuxes27ltc6cg7fqq6xvqwyd,ChatGPT-4,More people are migrating to other countries than ever before,2023-03-28 12:52:35.556715+00:00,1,4,4,2,5,3,3,3,2
x90j0mb3p2e7nqay9plsgzge4hjjnm6g,ChatGPT-3,International tourism is now more common than ever before (against),2023-03-28 12:52:36.275003+00:00,0,2,3,4,4,4,4,3,0
4uoh2nx86fnqgnkejetsvff15ade7r4p,ChatGPT-3,Computer replace  man power in jobs,2023-03-28 12:52:38.160170+00:00,1,3,4,4,4,4,4,3,0
3ekw2nmnlpi8xlds6evadnvk99e4tznt,Student,The Non-Issue of Same Sex Marriage,2023-03-28 12:52:38.269775+00:00,5,4,3,4,6,5,5,5,1
csp5ciwsydqgtz6uq9l3a9145gcmq3as,ChatGPT-3,Why you should exercise,2023-03-28 12:52:38.545189+00:00,2,5,5,5,6,4,4,4,2
wwmqz42o3int4rtr1s5ea0oycp6kerm5,Student,Should students be taught to compete or to cooperate?,2023-03-28 12:52:47.976833+00:00,2,5,4,4,5,2,3,4,2
7dp5uc83ssih07i9zrammmdz6yxrm578,Student,Living and studying overseas,2023-03-28 12:52:50.159356+00:00,2,4,3,3,5,3,3,3,3
vzzb1nrdniw3zxwhqwal7j0qcdpxfmuu,ChatGPT-4,International tourism is now more common than ever before (for),2023-03-28 12:52:51.217241+00:00,2,4,4,3,6,3,5,4,2
o1kt32aukcf229hga3hdxmaqe1ezwhry,Student,International tourism is now more common than ever before (for),2023-03-28 12:52:51.344597+00:00,2,2,2,3,4,3,3,4,0
yifwrgjzvf47cgclce78a6s9vwttz03s,ChatGPT-4,International tourism is now more common than ever before (against),2023-03-28 12:52:51.808796+00:00,2,4,4,2,5,4,4,4,0
jfxrdb4vpizn9mjmtka32psmk1htgegt,Student,Will newspapers become a thing of the past?,2023-03-28 12:52:52.167310+00:00,4,5,5,4,5,5,6,6,3
9uk952ds930jytbio28ptj8c3t7qfd0y,Student,The Non-Issue of Same Sex Marriage,2023-03-28 12:52:57.770455+00:00,2,2,2,3,2,4,3,3,0
7nny3k5b3gcxjzcvauwk10ebb1zrnhkj,ChatGPT-3,Air pollution,2023-03-28 12:52:59.160980+00:00,3,5,1,4,3,4,1,1,3
ige0otcvhf6bn2o0w7mj4q1pb5u4r7ym,ChatGPT-3,Should students be taught to compete or to cooperate?,2023-03-28 12:53:03.468810+00:00,1,6,5,5,6,5,5,5,0
708dg1iqj3nk0wmc22tmdgx9ldvsx3ox,Student,Living and studying overseas,2023-03-28 12:53:03.826966+00:00,1,5,6,3,6,4,5,5,1
ys5a2dcpibtimnjqyrf7k4xuggcr9a0n,ChatGPT-4,International tourism is now more common than ever before (against),2023-03-28 12:53:03.845429+00:00,4,5,5,4,6,6,6,6,3
iidiehcofyz0c0u11g2vu3nmgpjqlj15,Student,Gender Equality at university admission,2023-03-28 12:53:09.124672+00:00,1,2,3,2,3,2,3,3,0
b5641jbn13rh3k093necyaddm2cxwhoc,ChatGPT-3,Should rich countries help poor countries?,2023-03-28 12:53:09.842703+00:00,3,6,6,5,6,6,5,5,3
ltvxxgg19tw3faj7z0k6mkvq8g9jwegx,ChatGPT-4,Will newspapers become a thing of the past?,2023-03-28 12:53:11.347499+00:00,5,6,6,5,6,6,6,6,4
6b4i3beeyzk6hq0hyl57kf0nqd7jc41j,Student,International tourism is now more common than ever before (against),2023-03-28 12:53:11.986206+00:00,4,2,4,2,3,2,3,3,2
bfb3uj06g3twa0h1oerv63pcacnffkls,ChatGPT-4,The Truth About Cannabis,2023-03-28 12:53:14.925443+00:00,5,5,5,4,6,4,5,5,3
3kl7nnbqdpldx8sgoep4elq7dn8hlv38,Student,The Truth About Cannabis,2023-03-28 12:53:17.510373+00:00,5,5,5,5,6,5,6,6,2
7nny3k5b3gcxjzcvauwk10ebb1zrnhkj,Student,Effects of mobile phones,2023-03-28 12:53:24.209150+00:00,3,4,1,1,4,4,1,1,0
ruffupr6v7c4hcyndfmfklht33nr6r1y,Student,More people are migrating to other countries than ever before,2023-03-28 12:53:24.398510+00:00,5,1,1,1,4,4,4,4,4
tt7g5cc8q09pivcekvsfj83qnvphc0c3,Student,Technology cannot solve all the world's problems,2023-03-28 12:53:26.961433+00:00,2,2,3,3,3,5,5,5,2
fxty78tj0luhghulpp686zi9swrx64xi,ChatGPT-3,The Truth About Cannabis,2023-03-28 12:53:27.496610+00:00,2,5,5,3,5,5,5,5,2
ppafqznb6xi3jwzmu94xtukc119jstbz,ChatGPT-3,Should rich countries help poor countries?,2023-03-28 12:53:27.650743+00:00,3,5,5,4,6,5,5,5,3
6ganr5vnayf3earis2qokj91nfkjprl1,ChatGPT-4,Locker checks,2023-03-28 12:53:28.170646+00:00,4,6,5,5,6,6,5,6,3
tjnxkh2r9r1mczt21hzf1ne2ml32pc05,Student,More people are migrating to other countries than ever before,2023-03-28 12:53:29.458279+00:00,2,3,2,2,4,5,4,4,1
wx1ftoab40fv73rki7wvap3lfiryf598,ChatGPT-3,The Truth About Cannabis,2023-03-28 12:53:33.472870+00:00,5,5,4,5,6,5,5,5,3
a460q5wc7leq8556iqzmjpy26gunhcno,ChatGPT-4,International tourism is now more common than ever before (for),2023-03-28 12:53:38.345867+00:00,2,3,5,4,5,3,4,3,0
otoqe4kenlwd1n79qw5t6u98a78fd2wo,ChatGPT-4,Why you should exercise,2023-03-28 12:53:39.144434+00:00,3,5,5,5,6,3,5,4,2
0ll3yprr67qbpu204ogv1msgkj0b5720,ChatGPT-3,International tourism is now more common than ever before (for),2023-03-28 12:53:42.939702+00:00,2,4,4,3,6,3,3,5,0
4uoh2nx86fnqgnkejetsvff15ade7r4p,Student,Advertisements affects on consumer goods,2023-03-28 12:53:45.900817+00:00,1,3,4,4,4,4,4,4,0
6vszxf66bcd0elzhfr99j3rio2nf3jyp,Student,Should rich countries help poor countries?,2023-03-28 12:53:47.991138+00:00,4,2,3,3,3,3,3,3,4
xs3bvqru1ijm1a6rkls6k9soebp4t9j6,ChatGPT-3,Technology cannot solve all the world's problems,2023-03-28 12:53:50.768851+00:00,1,4,4,2,5,4,5,5,1
yhhasgbui0x5dneax62an6p0y769nhca,ChatGPT-3,International tourism is now more common than ever before (against),2023-03-28 12:53:51.194428+00:00,0,5,5,4,6,6,5,5,0
kz75qd2mz8s5p9i73lyfdv7bvai36jd0,ChatGPT-3,Email and text messaging threats written language,2023-03-28 12:53:51.299351+00:00,3,3,3,3,3,3,3,3,0
0srbxg98ookztl91uhlt1s9rgtbw53s4,Student,Should students be taught to compete or to cooperate?,2023-03-28 12:53:57.591119+00:00,2,5,4,4,5,5,5,6,2
as43e4efz9lqo3l3lncscyq1p9smbcxf,Student,Why you should exercise,2023-03-28 12:54:00.113561+00:00,4,5,5,4,3,3,4,4,3
l8hb42vkvf2qs5c2q38qee4yk4vz34g6,Student,Museums as a form of entertainment or education?,2023-03-28 12:54:00.583802+00:00,4,5,5,4,4,5,4,3,3
7nny3k5b3gcxjzcvauwk10ebb1zrnhkj,Student,Influence Of Large Factory,2023-03-28 12:54:07.105752+00:00,3,3,4,2,3,4,1,6,0
zby0p8ese5gmn1tslotguvjz6sr6fwry,ChatGPT-3,Technology cannot solve all the world's problems,2023-03-28 12:54:08.270939+00:00,1,4,5,4,6,4,5,5,0
8276wlcpcdeplfxo6gwqscnzc4zr8zun,Student,The Truth About Cannabis,2023-03-28 12:54:12.592815+00:00,3,5,5,5,6,4,5,5,0
ccq6yh0sv33g0hhab3fqtcunap9lxrz1,ChatGPT-4,The Truth About Cannabis,2023-03-28 12:54:13.166280+00:00,2,4,4,3,5,4,5,5,1
ilfp64e1834fa3jfozvmtz4bmpezd3b1,ChatGPT-4,Everyone Should Go Camping,2023-03-28 12:54:15.122463+00:00,4,5,5,4,6,5,6,5,3
8y24o71xlukzq85g17n6ckhh09qf69pm,ChatGPT-4,The Non-Issue of Same Sex Marriage,2023-03-28 12:54:16.663785+00:00,3,5,5,3,6,5,5,5,0
fgvdmfileakyzco3iwp944837dhuwtbd,ChatGPT-4,Technology cannot solve all the world's problems,2023-03-28 12:54:18.501524+00:00,2,3,5,2,5,3,3,4,1
bnpk5arlgchs81ch0so6l8ult9uqyqiy,ChatGPT-4,Museums as a form of entertainment or education?,2023-03-28 12:54:18.534231+00:00,3,6,6,4,6,6,6,6,0
3ekw2nmnlpi8xlds6evadnvk99e4tznt,Student,Advertisements affects on consumer goods,2023-03-28 12:54:18.884181+00:00,5,4,5,4,5,4,4,5,3
7o3t5f9mlhabs633ahy199a6jskwrmf0,ChatGPT-3,The Non-Issue of Same Sex Marriage,2023-03-28 12:54:20.618402+00:00,1,3,3,3,5,5,5,4,1
fotpixguym6bxcv3wcjf4rjwcvbtrrb2,Student,Gender Equality at university admission,2023-03-28 12:54:23.311798+00:00,1,3,3,3,3,3,3,2,2
zprb1muapmszr1s8btczu55w5y4wlxpe,ChatGPT-4,Technology cannot solve all the world's problems,2023-03-28 12:54:24.483384+00:00,4,6,6,6,6,6,6,5,4
k93jcx7ncootup27k9cukufet8klqhe4,Student,Computer replace  man power in jobs,2023-03-28 12:54:28.028224+00:00,5,4,4,4,5,4,4,4,3
5kswaykptc8x72fo2st04imj7ubd88u5,Student,Air pollution,2023-03-28 12:54:29.950755+00:00,3,3,2,3,3,2,3,3,2
tv2gkmaekp405mvx55d3rsxj9fzocyn8,ChatGPT-3,Museums as a form of entertainment or education?,2023-03-28 12:54:30.188405+00:00,5,4,4,4,6,4,4,4,2
y1bzg8y45d9xkjk1stvizcclagbp9ah6,Student,Lessons with teachers versus others sources,2023-03-28 12:54:30.962909+00:00,2,2,2,2,3,3,4,4,1
30fw2qnkvcx4h00abgbolm59x1g1nvtc,Student,Using animals for the benefit of the human beings,2023-03-28 12:54:31.332712+00:00,2,3,2,2,2,2,2,3,3
uwrin05xaajicfy33jc255se0w5vq22d,ChatGPT-4,Living and studying overseas,2023-03-28 12:54:32.004123+00:00,2,4,3,2,6,4,5,5,3
7nny3k5b3gcxjzcvauwk10ebb1zrnhkj,Student,Society should ban all forms of the advertising,2023-03-28 12:54:33.616647+00:00,3,1,2,3,1,2,1,2,0
6y89af5q9a9exs9tcc2lk9tphhn6oeh3,ChatGPT-3,Email and text messaging threats written language,2023-03-28 12:54:40.596994+00:00,3,5,5,4,4,4,5,4,3
g0rntgh8sk4ehswu3iphviv8byk5bgad,Student,Technology cannot solve all the world's problems,2023-03-28 12:54:42.780641+00:00,4,5,5,4,6,6,6,6,3
koecf6ha05tlkkowh8eyc1hj11ptbfey,ChatGPT-3,Everyone Should Go Camping,2023-03-28 12:54:43.794309+00:00,3,5,4,4,6,5,5,5,2
kvhozafx51i5gz3bcc7h668sdiph7q02,Student,Why you should exercise,2023-03-28 12:54:45.152887+00:00,1,5,5,5,5,4,4,4,0
3abdtb3vc2w8k9u6k3bbajtd6szuifko,ChatGPT-3,Living and studying overseas,2023-03-28 12:54:48.322331+00:00,4,4,5,3,6,5,4,5,2
4uoh2nx86fnqgnkejetsvff15ade7r4p,ChatGPT-4,Financial Aid To Developing Countries,2023-03-28 12:54:49.481595+00:00,1,5,5,5,6,5,5,5,0
yifwrgjzvf47cgclce78a6s9vwttz03s,ChatGPT-3,Young people should go to university or not,2023-03-28 12:54:50.478310+00:00,2,2,3,2,4,2,3,3,0
kz75qd2mz8s5p9i73lyfdv7bvai36jd0,ChatGPT-3,Society should ban all forms of the advertising,2023-03-28 12:54:56.128035+00:00,3,3,3,3,3,3,3,3,0
gu2mqy8u00yps3emmb12kbau21v0mqy0,ChatGPT-4,Air pollution,2023-03-28 12:54:56.197373+00:00,5,3,4,3,5,4,5,4,3
2l8nhwu0bdi4vvlgs3e7h8l8s9w65n8q,ChatGPT-4,Air pollution,2023-03-28 12:54:56.508618+00:00,4,4,4,4,5,4,4,5,2
scntfq9o0qx5hp9jhu2qlxxwefu3ey79,ChatGPT-4,Should rich countries help poor countries?,2023-03-28 12:54:58.790477+00:00,1,5,5,4,6,3,5,5,1
fpclvya6ezg3r9y75so0eijx3g92fth7,ChatGPT-4,Email and text messaging threats written language,2023-03-28 12:54:59.037996+00:00,1,5,5,4,6,5,5,4,0
dc07m79j66n4bqxowx5uw2ogib8bb1zd,Student,Museums as a form of entertainment or education?,2023-03-28 12:55:02.528692+00:00,5,4,4,4,5,4,4,4,3
69tf3g7u3j0ifyx5861asy2361cjr8gf,ChatGPT-3,Air pollution,2023-03-28 12:55:03.301279+00:00,2,4,2,3,3,2,2,3,1
cn6ctjjzh8gzgi7fufcgkaxz066dudu3,ChatGPT-3,computer has negative effects to children,2023-03-28 12:55:08.475959+00:00,3,4,4,4,5,5,5,5,2
8j5mwnzgha1ifg9okov4p9mpwdxxvf6x,ChatGPT-3,Why you should exercise,2023-03-28 12:55:09.967863+00:00,3,5,5,5,6,6,6,6,3
o1kt32aukcf229hga3hdxmaqe1ezwhry,ChatGPT-4,Young people should go to university or not,2023-03-28 12:55:11.932693+00:00,2,5,5,5,6,4,5,5,1
2bbhl6g2uav5bt0jutfc8wuco738qag5,Student,Using animals for the benefit of the human beings,2023-03-28 12:55:13.726082+00:00,4,4,4,3,5,5,5,4,2
jfxrdb4vpizn9mjmtka32psmk1htgegt,ChatGPT-3,Young people should go to university or not,2023-03-28 12:55:13.893897+00:00,4,4,4,3,5,4,5,4,3
z829f0o2q6wb7in59s4xp8d6xpwhkzcg,ChatGPT-4,Lessons with teachers versus others sources,2023-03-28 12:55:16.934348+00:00,2,5,5,2,6,5,6,5,3
csp5ciwsydqgtz6uq9l3a9145gcmq3as,ChatGPT-4,Advertisements affects on consumer goods,2023-03-28 12:55:17.819219+00:00,2,3,4,3,6,5,5,4,2
tt7g5cc8q09pivcekvsfj83qnvphc0c3,ChatGPT-3,Influence Of Large Factory,2023-03-28 12:55:20.560551+00:00,2,5,5,5,6,5,5,5,4
as43e4efz9lqo3l3lncscyq1p9smbcxf,ChatGPT-4,Society should ban all forms of the advertising,2023-03-28 12:55:20.613038+00:00,4,5,5,5,6,5,6,6,4
lhvr4hzosu3w8zpxewi9lpavmvaon5a7,Student,Air pollution,2023-03-28 12:55:21.027290+00:00,3,3,4,4,3,2,3,3,3
l8hb42vkvf2qs5c2q38qee4yk4vz34g6,ChatGPT-4,Society should ban all forms of the advertising,2023-03-28 12:55:22.852984+00:00,4,5,5,5,6,5,6,6,3
wjtbk547gm3kbhm2syykrda91a9koceu,ChatGPT-3,Using animals for the benefit of the human beings,2023-03-28 12:55:25.684073+00:00,4,4,4,4,6,5,5,6,3
uk9ipqwkaqn2srsu522a9xudwrg1qgmb,Student,Email and text messaging threats written language,2023-03-28 12:55:25.722420+00:00,2,4,4,4,6,5,5,5,0
kxhdunah6ib3a2597w6f4ikbyukby99e,ChatGPT-4,Locker checks,2023-03-28 12:55:26.539990+00:00,3,5,5,3,6,6,6,6,3
bphdm8l9hmzokdslryogg8xki0b3jo0j,ChatGPT-3,Lessons with teachers versus others sources,2023-03-28 12:55:28.639293+00:00,2,5,6,5,6,5,5,5,3
yoo1jra1u9p6xm2ijx2uqx6b8i1bpz2d,ChatGPT-4,Computer replace  man power in jobs,2023-03-28 12:55:30.506690+00:00,3,5,5,5,6,5,5,5,2
rfnh84gq81cvrlu3bnwwf18rgmfux1n2,ChatGPT-3,Prepared Food,2023-03-28 12:55:30.952682+00:00,3,5,5,4,6,5,5,5,1
0j5ac1w3jqs3n4d88fxghkr996puxnzf,Student,Locker checks,2023-03-28 12:55:32.841503+00:00,2,5,5,5,5,5,5,5,2
3ekw2nmnlpi8xlds6evadnvk99e4tznt,Student,Government And Education,2023-03-28 12:55:34.745316+00:00,5,2,2,2,3,1,2,3,3
6ganr5vnayf3earis2qokj91nfkjprl1,ChatGPT-3,Prepared Food,2023-03-28 12:55:36.020747+00:00,4,6,6,6,6,5,5,5,3
9uk952ds930jytbio28ptj8c3t7qfd0y,ChatGPT-4,Effects of mobile phones,2023-03-28 12:55:38.107560+00:00,2,1,2,3,5,2,2,0,0
4uoh2nx86fnqgnkejetsvff15ade7r4p,ChatGPT-3,Giving aid to poorer countries has more negative effects than positive effect,2023-03-28 12:55:39.206867+00:00,1,3,4,4,3,3,3,3,0
5kswaykptc8x72fo2st04imj7ubd88u5,ChatGPT-3,Alternative forms of transport to alleviate traffic congestion,2023-03-28 12:55:40.436984+00:00,3,5,5,5,6,3,5,4,3
7dp5uc83ssih07i9zrammmdz6yxrm578,Student,Young people should go to university or not,2023-03-28 12:55:40.555881+00:00,2,4,4,5,5,6,5,5,3
spi4fc3xqc8vlgepupj60e80z5ja0jql,Student,Should rich countries help poor countries?,2023-03-28 12:55:42.552507+00:00,4,4,4,3,1,2,3,2,2
ruffupr6v7c4hcyndfmfklht33nr6r1y,ChatGPT-3,Influence Of Large Factory,2023-03-28 12:55:47.864904+00:00,5,5,5,4,6,5,5,5,4
wwmqz42o3int4rtr1s5ea0oycp6kerm5,ChatGPT-4,Advertisements affects on consumer goods,2023-03-28 12:55:51.462523+00:00,2,4,4,3,6,3,3,3,3
ys5a2dcpibtimnjqyrf7k4xuggcr9a0n,ChatGPT-3,Effects of mobile phones,2023-03-28 12:55:52.075023+00:00,4,5,4,4,5,5,5,5,3
a460q5wc7leq8556iqzmjpy26gunhcno,Student,Prepared Food,2023-03-28 12:55:53.491484+00:00,2,2,2,2,2,2,3,2,0
q6pbiymk6hbriv1i7otts03k8x05w5x5,ChatGPT-3,Locker checks,2023-03-28 12:55:54.030031+00:00,1,1,3,3,4,3,3,3,1
uatb851hhhj4nslj3ocd8yo240wnqgu5,ChatGPT-4,Should rich countries help poor countries?,2023-03-28 12:55:54.814319+00:00,2,4,4,3,4,3,3,3,1
27cy61crue3numwu12qb1yjahlgx4dfo,Student,Email and text messaging threats written language,2023-03-28 12:55:56.569178+00:00,1,3,3,3,3,3,3,3,0
goy6fcxoim5ydlkiarbswih1qcqqca18,ChatGPT-3,The Non-Issue of Same Sex Marriage,2023-03-28 12:55:56.687221+00:00,2,5,5,5,6,5,5,5,2
0ynzvwvxifu3enwwv5vog2rc8via3sb4,Student,Will newspapers become a thing of the past?,2023-03-28 12:55:58.276326+00:00,2,6,5,4,6,5,6,5,1
6b4i3beeyzk6hq0hyl57kf0nqd7jc41j,Student,computer has negative effects to children,2023-03-28 12:56:05.728200+00:00,4,3,2,3,2,2,3,2,3
4pk3owfwo13gmb1w2lq7wadkc9sjzb18,Student,Computer replace  man power in jobs,2023-03-28 12:56:08.163003+00:00,5,3,4,3,5,4,4,5,3
3kl7nnbqdpldx8sgoep4elq7dn8hlv38,Student,Influence Of Large Factory,2023-03-28 12:56:09.343733+00:00,5,3,3,3,3,4,2,3,4
wx1ftoab40fv73rki7wvap3lfiryf598,ChatGPT-4,Prepared Food,2023-03-28 12:56:12.305342+00:00,5,6,6,6,6,6,6,6,4
yhhasgbui0x5dneax62an6p0y769nhca,Student,Financial Aid To Developing Countries,2023-03-28 12:56:12.976783+00:00,0,4,4,4,4,4,4,3,0
ppafqznb6xi3jwzmu94xtukc119jstbz,ChatGPT-4,Influence Of Large Factory,2023-03-28 12:56:13.506158+00:00,3,5,5,5,6,5,5,5,3
708dg1iqj3nk0wmc22tmdgx9ldvsx3ox,ChatGPT-3,Effects of mobile phones,2023-03-28 12:56:13.868861+00:00,1,5,5,5,6,4,4,4,1
otoqe4kenlwd1n79qw5t6u98a78fd2wo,Student,Prepared Food,2023-03-28 12:56:15.558964+00:00,3,3,1,2,3,2,3,3,2
cn6ctjjzh8gzgi7fufcgkaxz066dudu3,Student,Study at school or get a job?,2023-03-28 12:56:18.996546+00:00,3,4,4,4,4,4,3,4,2
2qpxkgwgxmlymjo937jx65f3dzqzisx6,Student,Locker checks,2023-03-28 12:56:19.033922+00:00,2,4,3,3,6,6,6,6,2
x90j0mb3p2e7nqay9plsgzge4hjjnm6g,ChatGPT-3,Advertisements affects on consumer goods,2023-03-28 12:56:19.711559+00:00,0,3,4,4,3,4,4,4,0
as43e4efz9lqo3l3lncscyq1p9smbcxf,ChatGPT-4,Gun control,2023-03-28 12:56:21.460457+00:00,4,6,6,6,6,6,6,6,4
8276wlcpcdeplfxo6gwqscnzc4zr8zun,Student,Do married women usually work? Why and why not?,2023-03-28 12:56:22.170933+00:00,3,1,3,3,4,3,3,3,1
tv2gkmaekp405mvx55d3rsxj9fzocyn8,ChatGPT-3,Alternative forms of transport to alleviate traffic congestion,2023-03-28 12:56:22.509521+00:00,5,4,4,4,6,3,4,4,3
y1bzg8y45d9xkjk1stvizcclagbp9ah6,Student,Alternative forms of transport to alleviate traffic congestion,2023-03-28 12:56:23.624552+00:00,2,5,5,4,6,6,5,5,1
b5641jbn13rh3k093necyaddm2cxwhoc,ChatGPT-4,computer has negative effects to children,2023-03-28 12:56:24.706214+00:00,3,4,4,4,4,6,5,4,2
c65f6wf1av4g3nkfzj11vbs3j4ut7e5p,ChatGPT-3,Lessons with teachers versus others sources,2023-03-28 12:56:26.365349+00:00,4,5,5,4,6,5,5,6,3
gu2mqy8u00yps3emmb12kbau21v0mqy0,ChatGPT-4,effects of globalization (decrease in global tension),2023-03-28 12:56:27.792704+00:00,5,5,5,5,6,5,5,5,4
ige0otcvhf6bn2o0w7mj4q1pb5u4r7ym,Student,Effects of mobile phones,2023-03-28 12:56:32.210815+00:00,1,5,3,2,2,2,2,3,1
flhpvtppxp5oyqksisq22okdbo74cka0,Student,Young people should go to university or not,2023-03-28 12:56:35.961256+00:00,1,3,4,2,4,5,4,4,0
9uk952ds930jytbio28ptj8c3t7qfd0y,Student,technology that widen the gap between rich and poor?,2023-03-28 12:56:36.652818+00:00,2,4,4,4,4,4,3,3,0
fotpixguym6bxcv3wcjf4rjwcvbtrrb2,ChatGPT-4,Government And Education,2023-03-28 12:56:38.451584+00:00,1,4,4,4,5,4,4,4,2
6z2czq2ox46ouw2hdygosn0svlyq2l9l,ChatGPT-3,Will newspapers become a thing of the past?,2023-03-28 12:56:39.272192+00:00,1,5,4,4,6,6,5,5,2
6vszxf66bcd0elzhfr99j3rio2nf3jyp,ChatGPT-3,Financial Aid To Developing Countries,2023-03-28 12:56:39.917114+00:00,4,5,5,4,6,5,5,6,4
gzefi1rs5qm7904owyzotxhxc3ny9goh,ChatGPT-3,More people are migrating to other countries than ever before,2023-03-28 12:56:40.277729+00:00,4,2,3,2,6,4,5,5,3
yifwrgjzvf47cgclce78a6s9vwttz03s,Student,effects of globalization (decrease in global tension),2023-03-28 12:56:45.165393+00:00,2,2,2,1,4,2,2,3,0
xs3bvqru1ijm1a6rkls6k9soebp4t9j6,Student,Financial Aid To Developing Countries,2023-03-28 12:56:46.141627+00:00,1,5,5,5,5,4,4,5,1
ltvxxgg19tw3faj7z0k6mkvq8g9jwegx,ChatGPT-3,computer has negative effects to children,2023-03-28 12:56:49.945592+00:00,5,5,5,5,6,5,5,6,3
5kswaykptc8x72fo2st04imj7ubd88u5,ChatGPT-4,technology that widen the gap between rich and poor?,2023-03-28 12:56:50.118224+00:00,3,6,5,6,6,5,6,5,3
8y24o71xlukzq85g17n6ckhh09qf69pm,ChatGPT-4,Do married women usually work? Why and why not?,2023-03-28 12:56:50.513176+00:00,3,4,4,3,6,4,4,5,1
l8hb42vkvf2qs5c2q38qee4yk4vz34g6,Student,Gun control,2023-03-28 12:56:53.082258+00:00,4,3,4,3,3,2,3,3,3
l3e1dw5u4qyqqxikbnx4ojfwzz8zx20i,ChatGPT-3,Using animals for the benefit of the human beings,2023-03-28 12:56:53.538144+00:00,5,6,5,5,6,6,5,6,2
0srbxg98ookztl91uhlt1s9rgtbw53s4,ChatGPT-3,Society should ban all forms of the advertising,2023-03-28 12:56:58.600239+00:00,2,5,5,5,6,5,5,6,2
7o3t5f9mlhabs633ahy199a6jskwrmf0,ChatGPT-4,Government And Education,2023-03-28 12:56:59.407704+00:00,1,5,5,4,6,5,5,5,1
4uoh2nx86fnqgnkejetsvff15ade7r4p,ChatGPT-4,technology that widen the gap between rich and poor?,2023-03-28 12:57:00.574374+00:00,1,5,5,5,5,4,5,5,0
ccq6yh0sv33g0hhab3fqtcunap9lxrz1,Student,Do married women usually work? Why and why not?,2023-03-28 12:57:05.453902+00:00,2,4,4,3,4,3,4,4,1
69tf3g7u3j0ifyx5861asy2361cjr8gf,Student,Study at school or get a job?,2023-03-28 12:57:05.573877+00:00,2,5,4,4,4,4,4,4,3
9e29g8fljpiaqqzio6jvwh2p62k960km,ChatGPT-4,Email and text messaging threats written language,2023-03-28 12:57:05.786173+00:00,2,4,4,3,5,4,4,4,3
spi4fc3xqc8vlgepupj60e80z5ja0jql,ChatGPT-3,technology that widen the gap between rich and poor?,2023-03-28 12:57:06.308434+00:00,4,5,5,5,6,6,6,5,3
3ekw2nmnlpi8xlds6evadnvk99e4tznt,ChatGPT-3,International sporting occasions help to ease international tensions,2023-03-28 12:57:06.645680+00:00,5,5,4,4,6,5,5,5,3
9uk952ds930jytbio28ptj8c3t7qfd0y,ChatGPT-3,Government should make more effort to promote alternative sources of energy,2023-03-28 12:57:12.722141+00:00,2,3,3,3,3,3,3,3,0
fgvdmfileakyzco3iwp944837dhuwtbd,ChatGPT-4,Do married women usually work? Why and why not?,2023-03-28 12:57:16.859424+00:00,2,4,2,2,4,3,3,3,2
2l8nhwu0bdi4vvlgs3e7h8l8s9w65n8q,ChatGPT-3,effects of globalization (decrease in global tension),2023-03-28 12:57:18.998767+00:00,4,5,5,5,6,5,5,6,3
fxty78tj0luhghulpp686zi9swrx64xi,ChatGPT-4,Influence Of Large Factory,2023-03-28 12:57:19.283348+00:00,2,5,5,5,6,5,6,5,2
wmwrgz5dwqtgkkxf3mz3efhc44w9ly2u,ChatGPT-4,Lessons with teachers versus others sources,2023-03-28 12:57:20.028169+00:00,2,2,4,3,6,5,5,5,0
kz75qd2mz8s5p9i73lyfdv7bvai36jd0,ChatGPT-4,effects of globalization (decrease in global tension),2023-03-28 12:57:20.190472+00:00,3,3,3,3,3,3,3,3,0
k93jcx7ncootup27k9cukufet8klqhe4,ChatGPT-3,Government And Education,2023-03-28 12:57:21.406939+00:00,5,5,5,4,6,6,5,5,4
scntfq9o0qx5hp9jhu2qlxxwefu3ey79,ChatGPT-3,effects of globalization (decrease in global tension),2023-03-28 12:57:24.119018+00:00,1,4,3,2,6,3,4,5,1
30fw2qnkvcx4h00abgbolm59x1g1nvtc,ChatGPT-4,Alternative forms of transport to alleviate traffic congestion,2023-03-28 12:57:28.567180+00:00,2,5,5,4,6,5,4,6,3
0ll3yprr67qbpu204ogv1msgkj0b5720,ChatGPT-4,Financial Aid To Developing Countries,2023-03-28 12:57:30.053729+00:00,2,4,5,5,6,5,6,5,0
bnpk5arlgchs81ch0so6l8ult9uqyqiy,Student,Government And Education,2023-03-28 12:57:32.219702+00:00,3,4,4,3,4,3,4,3,0
bfb3uj06g3twa0h1oerv63pcacnffkls,Student,computer has negative effects to children,2023-03-28 12:57:33.101779+00:00,5,4,5,4,3,5,4,4,3
jfxrdb4vpizn9mjmtka32psmk1htgegt,ChatGPT-3,High sales reflect Power of Advertising and not the Real Need,2023-03-28 12:57:35.295663+00:00,4,4,4,4,5,4,5,4,2
lhvr4hzosu3w8zpxewi9lpavmvaon5a7,Student,Gun control,2023-03-28 12:57:42.423306+00:00,3,4,4,3,2,2,2,2,3
vuquzx3ubk4v1zdjfplm09tndn2y6qmk,ChatGPT-3,Study at school or get a job?,2023-03-28 12:57:43.949959+00:00,3,5,4,5,5,4,5,5,2
8276wlcpcdeplfxo6gwqscnzc4zr8zun,ChatGPT-4,Paying more money is the only motivation to make employees work harder,2023-03-28 12:57:44.916577+00:00,3,6,6,6,6,5,6,5,0
zby0p8ese5gmn1tslotguvjz6sr6fwry,Student,Society should ban all forms of the advertising,2023-03-28 12:57:46.524990+00:00,1,2,4,3,3,3,3,3,1
3kl7nnbqdpldx8sgoep4elq7dn8hlv38,ChatGPT-4,Benefits of students' unpaid work,2023-03-28 12:57:47.513623+00:00,5,5,5,5,6,5,6,6,4
kgermx9bs6qgjoj2uylwnlxuf2qmn2cx,Student,Lessons with teachers versus others sources,2023-03-28 12:57:47.646598+00:00,5,4,4,3,6,5,5,6,3
csp5ciwsydqgtz6uq9l3a9145gcmq3as,Student,High sales reflect Power of Advertising and not the Real Need,2023-03-28 12:57:49.300772+00:00,2,4,4,4,5,3,4,4,2
4uoh2nx86fnqgnkejetsvff15ade7r4p,ChatGPT-3,True Function of A University,2023-03-28 12:57:50.674404+00:00,1,2,3,4,3,3,3,3,0
as43e4efz9lqo3l3lncscyq1p9smbcxf,ChatGPT-4,Paying more money is the only motivation to make employees work harder,2023-03-28 12:57:50.726958+00:00,4,5,5,5,5,5,5,5,3
tjnxkh2r9r1mczt21hzf1ne2ml32pc05,ChatGPT-4,Prepared Food,2023-03-28 12:57:51.424380+00:00,2,4,5,3,6,3,5,5,1
85d01jfwme6nq0xuv81yn1jel0bsnxq6,ChatGPT-4,Living and studying overseas,2023-03-28 12:57:51.452171+00:00,3,6,5,3,5,5,6,6,2
ilfp64e1834fa3jfozvmtz4bmpezd3b1,ChatGPT-3,Do married women usually work? Why and why not?,2023-03-28 12:57:51.730745+00:00,4,5,4,3,6,6,6,6,2
5kswaykptc8x72fo2st04imj7ubd88u5,ChatGPT-4,Should governments be responsible to help the unemployed and homeless,2023-03-28 12:57:51.914432+00:00,3,4,4,4,5,4,4,4,3
gu2mqy8u00yps3emmb12kbau21v0mqy0,ChatGPT-3,"Sporting events easing international tensions, releasing patriotic feelings",2023-03-28 12:57:55.308819+00:00,5,4,4,4,5,4,5,5,3
dc07m79j66n4bqxowx5uw2ogib8bb1zd,ChatGPT-4,Study at school or get a job?,2023-03-28 12:57:56.961570+00:00,5,5,4,5,5,4,4,5,3
7h4kehby4qflhzzjg13qr89hl89kr6s2,ChatGPT-3,Museums as a form of entertainment or education?,2023-03-28 12:57:59.668788+00:00,1,6,5,5,6,5,5,5,0
o1kt32aukcf229hga3hdxmaqe1ezwhry,ChatGPT-4,High sales reflect Power of Advertising and not the Real Need,2023-03-28 12:58:03.310651+00:00,2,5,5,4,4,4,5,4,1
a460q5wc7leq8556iqzmjpy26gunhcno,ChatGPT-4,Why should human beings travel to outer space?,2023-03-28 12:58:03.332852+00:00,2,5,5,4,5,5,5,5,0
1ffzqxil7h3zmumj85svnetx29uvej3o,ChatGPT-4,Everyone Should Go Camping,2023-03-28 12:58:03.472783+00:00,2,5,4,4,6,5,5,5,2
uk9ipqwkaqn2srsu522a9xudwrg1qgmb,ChatGPT-3,Gun control,2023-03-28 12:58:06.364806+00:00,2,4,4,3,4,3,4,4,0
yifwrgjzvf47cgclce78a6s9vwttz03s,ChatGPT-3,Should governments be responsible to help the unemployed and homeless,2023-03-28 12:58:09.120773+00:00,2,1,2,2,3,3,3,3,0
7dp5uc83ssih07i9zrammmdz6yxrm578,ChatGPT-3,technology that widen the gap between rich and poor?,2023-03-28 12:58:09.142360+00:00,2,3,2,2,5,3,3,4,3
vzzb1nrdniw3zxwhqwal7j0qcdpxfmuu,ChatGPT-4,Young people should go to university or not,2023-03-28 12:58:09.162464+00:00,2,3,4,3,4,3,4,4,2
tv2gkmaekp405mvx55d3rsxj9fzocyn8,Student,"Sporting events easing international tensions, releasing patriotic feelings",2023-03-28 12:58:09.296143+00:00,5,4,4,4,4,4,4,4,3
yhhasgbui0x5dneax62an6p0y769nhca,Student,Benefits of students' unpaid work,2023-03-28 12:58:09.596473+00:00,0,4,4,4,6,6,4,4,0
kvhozafx51i5gz3bcc7h668sdiph7q02,Student,Giving aid to poorer countries has more negative effects than positive effect,2023-03-28 12:58:11.154355+00:00,1,2,3,3,5,4,4,4,0
x90j0mb3p2e7nqay9plsgzge4hjjnm6g,ChatGPT-3,Paying more money is the only motivation to make employees work harder,2023-03-28 12:58:13.354074+00:00,0,4,4,4,4,3,3,4,0
tt7g5cc8q09pivcekvsfj83qnvphc0c3,ChatGPT-4,Gun control,2023-03-28 12:58:13.760550+00:00,2,5,5,5,6,6,5,5,2
6ganr5vnayf3earis2qokj91nfkjprl1,Student,technology that widen the gap between rich and poor?,2023-03-28 12:58:13.912377+00:00,4,4,4,5,5,4,5,4,3
l8hb42vkvf2qs5c2q38qee4yk4vz34g6,Student,Should governments be responsible to help the unemployed and homeless,2023-03-28 12:58:17.537874+00:00,4,2,2,2,4,2,3,3,3
6vszxf66bcd0elzhfr99j3rio2nf3jyp,ChatGPT-4,Government should make more effort to promote alternative sources of energy,2023-03-28 12:58:17.575086+00:00,4,5,5,5,6,6,6,6,4
b5641jbn13rh3k093necyaddm2cxwhoc,ChatGPT-4,"Sporting events easing international tensions, releasing patriotic feelings",2023-03-28 12:58:18.941088+00:00,3,6,6,5,6,5,5,5,3
6b4i3beeyzk6hq0hyl57kf0nqd7jc41j,ChatGPT-3,Benefits of students doing extra jobs,2023-03-28 12:58:20.895306+00:00,4,5,5,4,6,4,4,5,3
wwmqz42o3int4rtr1s5ea0oycp6kerm5,ChatGPT-3,Why should human beings travel to outer space?,2023-03-28 12:58:20.978792+00:00,2,5,4,2,3,3,3,3,2
ys5a2dcpibtimnjqyrf7k4xuggcr9a0n,ChatGPT-4,Why should human beings travel to outer space?,2023-03-28 12:58:22.450197+00:00,4,6,5,5,6,6,6,6,3
9uk952ds930jytbio28ptj8c3t7qfd0y,ChatGPT-3,zoos should be built to protect rural animals,2023-03-28 12:58:23.240794+00:00,2,1,2,2,2,2,1,2,0
8j5mwnzgha1ifg9okov4p9mpwdxxvf6x,ChatGPT-3,Study at school or get a job?,2023-03-28 12:58:27.900400+00:00,3,5,5,6,6,4,5,5,3
uatb851hhhj4nslj3ocd8yo240wnqgu5,Student,Benefits of students doing extra jobs,2023-03-28 12:58:29.442047+00:00,2,4,4,4,5,4,4,5,0
wjtbk547gm3kbhm2syykrda91a9koceu,ChatGPT-3,Gun control,2023-03-28 12:58:29.541675+00:00,4,5,5,5,6,5,6,6,3
gpic2k2okuxes27ltc6cg7fqq6xvqwyd,ChatGPT-3,Advertisements affects on consumer goods,2023-03-28 12:58:31.227751+00:00,1,4,4,3,4,3,4,4,2
2bbhl6g2uav5bt0jutfc8wuco738qag5,ChatGPT-3,High sales reflect Power of Advertising and not the Real Need,2023-03-28 12:58:32.469322+00:00,4,5,5,5,6,5,4,5,2
xea685r9fwrkuaugtc3aucspv34av5el,ChatGPT-3,Gender Equality at university admission,2023-03-28 12:58:32.848591+00:00,5,4,4,3,6,5,6,5,3
ruffupr6v7c4hcyndfmfklht33nr6r1y,Student,Why should human beings travel to outer space?,2023-03-28 12:58:32.955679+00:00,5,3,4,4,6,5,5,5,4
twgmdtb7g2y9scz3vw45nqh4w3nvpt1q,Student,Alternative forms of transport to alleviate traffic congestion,2023-03-28 12:58:32.973500+00:00,4,5,6,5,5,6,5,4,3
bphdm8l9hmzokdslryogg8xki0b3jo0j,Student,International sporting occasions help to ease international tensions,2023-03-28 12:58:34.256859+00:00,2,5,6,5,5,6,5,5,3
cn6ctjjzh8gzgi7fufcgkaxz066dudu3,ChatGPT-3,Paying more money is the only motivation to make employees work harder,2023-03-28 12:58:34.573494+00:00,3,2,4,3,4,3,4,3,0
6y89af5q9a9exs9tcc2lk9tphhn6oeh3,ChatGPT-4,Giving aid to poorer countries has more negative effects than positive effect,2023-03-28 12:58:36.655603+00:00,3,1,0,0,0,0,0,0,3
708dg1iqj3nk0wmc22tmdgx9ldvsx3ox,ChatGPT-3,Benefits of students' unpaid work,2023-03-28 12:58:41.863470+00:00,1,5,5,4,6,4,4,5,1
8276wlcpcdeplfxo6gwqscnzc4zr8zun,ChatGPT-3,Should high school make music lessons compulsory,2023-03-28 12:58:45.478981+00:00,3,6,6,5,6,5,5,4,0
ppafqznb6xi3jwzmu94xtukc119jstbz,ChatGPT-3,Benefits of students' unpaid work,2023-03-28 12:58:46.870134+00:00,3,5,5,5,6,5,5,5,3
otoqe4kenlwd1n79qw5t6u98a78fd2wo,Student,Paying more money is the only motivation to make employees work harder,2023-03-28 12:58:47.921180+00:00,3,2,4,2,4,3,3,4,2
ksredoneqru0xqxf7nq2hydb58zr0nvn,ChatGPT-3,Do married women usually work? Why and why not?,2023-03-28 12:58:48.598183+00:00,3,4,4,3,4,3,4,3,2
c5e8dbxl8892elwdq7enj4u6ldlp7zag,Student,Everyone Should Go Camping,2023-03-28 12:58:50.095415+00:00,4,2,4,4,5,4,5,5,2
0j5ac1w3jqs3n4d88fxghkr996puxnzf,ChatGPT-3,International sporting occasions help to ease international tensions,2023-03-28 12:58:52.417914+00:00,2,5,5,4,6,6,5,6,2
as43e4efz9lqo3l3lncscyq1p9smbcxf,Student,Should high school make music lessons compulsory,2023-03-28 12:58:56.212165+00:00,4,4,4,3,4,4,4,4,3
xs3bvqru1ijm1a6rkls6k9soebp4t9j6,ChatGPT-3,Should governments be responsible to help the unemployed and homeless,2023-03-28 12:59:00.334215+00:00,1,5,4,4,5,4,4,4,1
flhpvtppxp5oyqksisq22okdbo74cka0,ChatGPT-3,Government should make more effort to promote alternative sources of energy,2023-03-28 12:59:02.003300+00:00,1,4,4,3,4,2,4,4,0
scntfq9o0qx5hp9jhu2qlxxwefu3ey79,ChatGPT-3,distance-learning vs. attending school in person,2023-03-28 12:59:02.213325+00:00,1,5,5,5,6,5,6,5,1
ijrt9imkugyvgpj17hpnqv2zzrcbokzz,ChatGPT-3,Why should human beings travel to outer space?,2023-03-28 12:59:02.269131+00:00,4,0,4,3,5,5,5,4,2
uwrin05xaajicfy33jc255se0w5vq22d,ChatGPT-4,Alternative forms of transport to alleviate traffic congestion,2023-03-28 12:59:02.820466+00:00,2,5,5,5,6,5,6,5,3
8y24o71xlukzq85g17n6ckhh09qf69pm,Student,Should governments be responsible to help the unemployed and homeless,2023-03-28 12:59:09.181397+00:00,3,3,3,3,4,4,4,4,1
zprb1muapmszr1s8btczu55w5y4wlxpe,ChatGPT-3,Government And Education,2023-03-28 12:59:10.369816+00:00,4,5,5,5,6,6,5,6,2
ige0otcvhf6bn2o0w7mj4q1pb5u4r7ym,ChatGPT-3,"Sporting events easing international tensions, releasing patriotic feelings",2023-03-28 12:59:10.573183+00:00,1,5,5,5,6,6,6,6,0
vzzb1nrdniw3zxwhqwal7j0qcdpxfmuu,ChatGPT-3,humans should be able to use animals for their own benefit?,2023-03-28 12:59:16.338295+00:00,2,2,2,3,3,2,3,4,1
wx1ftoab40fv73rki7wvap3lfiryf598,Student,Benefits of students' unpaid work,2023-03-28 12:59:16.784795+00:00,5,4,4,4,3,2,3,3,4
bnpk5arlgchs81ch0so6l8ult9uqyqiy,ChatGPT-4,Do modern communication technologies benefit all people,2023-03-28 12:59:18.757257+00:00,3,4,5,5,6,5,5,6,0
5kswaykptc8x72fo2st04imj7ubd88u5,Student,pros and cons of developments in agriculture,2023-03-28 12:59:18.925116+00:00,3,4,4,3,4,3,3,3,3
9uk952ds930jytbio28ptj8c3t7qfd0y,ChatGPT-3,should teenagers learn all school subjects/focus on one subject,2023-03-28 12:59:20.298339+00:00,2,2,1,1,2,1,1,2,0
tv2gkmaekp405mvx55d3rsxj9fzocyn8,ChatGPT-3,humans should be able to use animals for their own benefit?,2023-03-28 12:59:23.383673+00:00,5,5,5,5,6,5,5,5,2
gu2mqy8u00yps3emmb12kbau21v0mqy0,Student,pros and cons of developments in agriculture,2023-03-28 12:59:26.039662+00:00,5,4,4,4,4,3,4,3,3
0ynzvwvxifu3enwwv5vog2rc8via3sb4,ChatGPT-3,Benefits of students doing extra jobs,2023-03-28 12:59:26.184849+00:00,2,4,4,3,6,3,3,4,2
4pk3owfwo13gmb1w2lq7wadkc9sjzb18,ChatGPT-4,Benefits of students' unpaid work,2023-03-28 12:59:26.535086+00:00,5,5,5,5,6,5,5,5,3
3kl7nnbqdpldx8sgoep4elq7dn8hlv38,ChatGPT-4,Should high school make music lessons compulsory,2023-03-28 12:59:27.151596+00:00,5,5,5,5,5,5,5,5,3
fotpixguym6bxcv3wcjf4rjwcvbtrrb2,Student,Government should make more effort to promote alternative sources of energy,2023-03-28 12:59:28.705962+00:00,1,3,2,3,4,3,4,4,2
g0rntgh8sk4ehswu3iphviv8byk5bgad,ChatGPT-4,Giving aid to poorer countries has more negative effects than positive effect,2023-03-28 12:59:32.556756+00:00,4,3,4,4,4,5,5,5,2
yoo1jra1u9p6xm2ijx2uqx6b8i1bpz2d,ChatGPT-4,International sporting occasions help to ease international tensions,2023-03-28 12:59:33.054506+00:00,3,5,4,5,5,4,4,4,2
x90j0mb3p2e7nqay9plsgzge4hjjnm6g,ChatGPT-4,museums and art galleries will disappear soon?,2023-03-28 12:59:38.096764+00:00,0,4,4,4,4,4,4,4,0
yhhasgbui0x5dneax62an6p0y769nhca,Student,humans should be able to use animals for their own benefit?,2023-03-28 12:59:38.713263+00:00,0,3,3,3,3,3,3,3,0
3abdtb3vc2w8k9u6k3bbajtd6szuifko,ChatGPT-3,Giving aid to poorer countries has more negative effects than positive effect,2023-03-28 12:59:39.264690+00:00,4,5,4,3,5,4,5,3,2
69tf3g7u3j0ifyx5861asy2361cjr8gf,Student,True Function of A University,2023-03-28 12:59:40.708543+00:00,2,2,2,2,4,2,2,3,1
z829f0o2q6wb7in59s4xp8d6xpwhkzcg,Student,High sales reflect Power of Advertising and not the Real Need,2023-03-28 12:59:41.115224+00:00,2,4,4,4,4,3,4,4,3
k93jcx7ncootup27k9cukufet8klqhe4,ChatGPT-4,distance-learning vs. attending school in person,2023-03-28 12:59:41.907688+00:00,5,6,5,6,6,6,6,6,4
cn6ctjjzh8gzgi7fufcgkaxz066dudu3,ChatGPT-4,creativity-should it be given freedom or restrictions,2023-03-28 12:59:43.382730+00:00,3,4,4,4,4,4,4,4,0
spi4fc3xqc8vlgepupj60e80z5ja0jql,Student,zoos should be built to protect rural animals,2023-03-28 12:59:44.254165+00:00,4,5,5,3,3,4,3,3,3
l8hb42vkvf2qs5c2q38qee4yk4vz34g6,ChatGPT-3,museums and art galleries will disappear soon?,2023-03-28 12:59:47.027642+00:00,4,2,3,4,6,6,6,6,3
2l8nhwu0bdi4vvlgs3e7h8l8s9w65n8q,ChatGPT-4,zoos should be built to protect rural animals,2023-03-28 12:59:49.637157+00:00,4,5,5,5,6,5,5,5,3
30fw2qnkvcx4h00abgbolm59x1g1nvtc,ChatGPT-3,distance-learning vs. attending school in person,2023-03-28 12:59:51.156527+00:00,2,4,4,4,4,3,4,4,2
koecf6ha05tlkkowh8eyc1hj11ptbfey,Student,Giving aid to poorer countries has more negative effects than positive effect,2023-03-28 12:59:52.118527+00:00,3,1,5,2,3,5,5,3,3
bphdm8l9hmzokdslryogg8xki0b3jo0j,ChatGPT-4,creativity-should it be given freedom or restrictions,2023-03-28 12:59:53.454121+00:00,2,5,5,6,5,5,6,5,3
0srbxg98ookztl91uhlt1s9rgtbw53s4,ChatGPT-4,True Function of A University,2023-03-28 12:59:53.635386+00:00,2,5,4,4,5,6,5,6,2
yifwrgjzvf47cgclce78a6s9vwttz03s,ChatGPT-4,humans should be able to use animals for their own benefit?,2023-03-28 12:59:54.277005+00:00,2,4,4,3,4,4,4,4,0
o1kt32aukcf229hga3hdxmaqe1ezwhry,ChatGPT-4,advantages and disadvantages of the prevalent of English,2023-03-28 13:00:01.252247+00:00,2,4,4,4,4,4,4,4,0
csp5ciwsydqgtz6uq9l3a9145gcmq3as,Student,Should high school make music lessons compulsory,2023-03-28 13:00:03.944846+00:00,2,5,5,3,4,3,4,4,2
as43e4efz9lqo3l3lncscyq1p9smbcxf,ChatGPT-3,competition or co-operation-which is better,2023-03-28 13:00:04.156773+00:00,4,2,2,2,3,3,3,3,3
goy6fcxoim5ydlkiarbswih1qcqqca18,ChatGPT-4,Benefits of students doing extra jobs,2023-03-28 13:00:06.423951+00:00,2,6,5,6,6,5,6,5,2
zby0p8ese5gmn1tslotguvjz6sr6fwry,ChatGPT-3,Should high school make music lessons compulsory,2023-03-28 13:00:06.750916+00:00,1,6,6,5,6,6,6,6,3
7o3t5f9mlhabs633ahy199a6jskwrmf0,ChatGPT-3,True Function of A University,2023-03-28 13:00:07.183919+00:00,1,4,4,4,5,4,4,4,1
twgmdtb7g2y9scz3vw45nqh4w3nvpt1q,ChatGPT-4,Influence of English - advantages outweigh the disadvantages,2023-03-28 13:00:07.444139+00:00,4,6,6,6,6,6,6,6,3
ppafqznb6xi3jwzmu94xtukc119jstbz,ChatGPT-3,creativity-should it be given freedom or restrictions,2023-03-28 13:00:08.303334+00:00,3,5,5,5,6,5,5,5,3
c65f6wf1av4g3nkfzj11vbs3j4ut7e5p,ChatGPT-4,"Sporting events easing international tensions, releasing patriotic feelings",2023-03-28 13:00:09.663040+00:00,4,5,5,5,6,6,5,6,3
mfctuxkizf1flo6083xotwsi3o40wdup,ChatGPT-3,Will newspapers become a thing of the past?,2023-03-28 13:00:10.908251+00:00,1,5,5,5,6,5,5,5,0
rfnh84gq81cvrlu3bnwwf18rgmfux1n2,ChatGPT-4,International sporting occasions help to ease international tensions,2023-03-28 13:00:13.439526+00:00,3,6,5,6,6,5,5,5,1
bfb3uj06g3twa0h1oerv63pcacnffkls,ChatGPT-3,Do modern communication technologies benefit all people,2023-03-28 13:00:15.694807+00:00,5,5,5,4,6,4,5,5,3
7m0e64i3izio38r6xchtiigf45pqo57b,ChatGPT-3,Financial Aid To Developing Countries,2023-03-28 13:00:17.210313+00:00,4,2,4,3,6,4,5,5,2
lhvr4hzosu3w8zpxewi9lpavmvaon5a7,Student,Do modern communication technologies benefit all people,2023-03-28 13:00:18.015396+00:00,3,4,4,3,5,4,4,4,3
6ganr5vnayf3earis2qokj91nfkjprl1,ChatGPT-3,museums and art galleries will disappear soon?,2023-03-28 13:00:18.118619+00:00,4,6,6,6,6,6,6,6,3
dc07m79j66n4bqxowx5uw2ogib8bb1zd,Student,advantages and disadvantages of the prevalent of English,2023-03-28 13:00:19.120597+00:00,5,4,3,3,2,3,2,2,3
q6pbiymk6hbriv1i7otts03k8x05w5x5,Student,Benefits of students doing extra jobs,2023-03-28 13:00:21.846398+00:00,1,5,5,3,5,5,5,5,2
8276wlcpcdeplfxo6gwqscnzc4zr8zun,ChatGPT-3,creativity-should it be given freedom or restrictions,2023-03-28 13:00:22.554511+00:00,3,2,2,3,6,3,4,4,0
7dp5uc83ssih07i9zrammmdz6yxrm578,ChatGPT-4,humans should be able to use animals for their own benefit?,2023-03-28 13:00:26.662822+00:00,2,3,2,2,5,3,4,5,3
ruffupr6v7c4hcyndfmfklht33nr6r1y,ChatGPT-4,Influence of English - advantages outweigh the disadvantages,2023-03-28 13:00:27.248733+00:00,5,4,5,4,6,6,6,6,4
gzefi1rs5qm7904owyzotxhxc3ny9goh,ChatGPT-4,Government should make more effort to promote alternative sources of energy,2023-03-28 13:00:27.390203+00:00,4,5,6,5,6,6,6,6,3
tjnxkh2r9r1mczt21hzf1ne2ml32pc05,ChatGPT-3,pros and cons of developments in agriculture,2023-03-28 13:00:28.072244+00:00,2,4,5,3,6,4,6,5,1
cn6ctjjzh8gzgi7fufcgkaxz066dudu3,ChatGPT-4,people will spend less time on cooking food,2023-03-28 13:00:30.775708+00:00,3,4,4,4,4,4,4,4,0
708dg1iqj3nk0wmc22tmdgx9ldvsx3ox,Student,creativity-should it be given freedom or restrictions,2023-03-28 13:00:36.088050+00:00,1,5,4,4,4,4,5,5,1
ys5a2dcpibtimnjqyrf7k4xuggcr9a0n,ChatGPT-3,should teenagers learn all school subjects/focus on one subject,2023-03-28 13:00:36.374297+00:00,4,5,5,4,5,4,5,5,3
fpclvya6ezg3r9y75so0eijx3g92fth7,ChatGPT-4,Study at school or get a job?,2023-03-28 13:00:36.445596+00:00,1,4,4,4,5,4,4,5,0
a460q5wc7leq8556iqzmjpy26gunhcno,ChatGPT-4,advantages and disadvantages of the prevalent of English,2023-03-28 13:00:38.373934+00:00,2,4,5,4,4,5,4,4,0
wwmqz42o3int4rtr1s5ea0oycp6kerm5,ChatGPT-4,should teenagers learn all school subjects/focus on one subject,2023-03-28 13:00:39.756479+00:00,2,4,4,3,5,3,3,3,3
vzzb1nrdniw3zxwhqwal7j0qcdpxfmuu,Student,is a break good or bad after high school for students,2023-03-28 13:00:41.717938+00:00,2,3,2,2,2,2,2,3,1
b5641jbn13rh3k093necyaddm2cxwhoc,Student,museums and art galleries will disappear soon?,2023-03-28 13:00:42.329541+00:00,3,4,4,4,3,4,4,3,3
ilfp64e1834fa3jfozvmtz4bmpezd3b1,ChatGPT-4,pros and cons of developments in agriculture,2023-03-28 13:00:43.915558+00:00,4,5,5,5,6,4,5,4,3
3kl7nnbqdpldx8sgoep4elq7dn8hlv38,ChatGPT-3,"computers..use,future prospects and over-dependence",2023-03-28 13:00:44.401282+00:00,5,4,4,4,6,6,6,6,3
xs3bvqru1ijm1a6rkls6k9soebp4t9j6,ChatGPT-3,competition or co-operation-which is better,2023-03-28 13:00:45.771378+00:00,1,4,4,3,4,3,3,3,1
tv2gkmaekp405mvx55d3rsxj9fzocyn8,ChatGPT-3,is a break good or bad after high school for students,2023-03-28 13:00:46.125361+00:00,5,4,5,4,6,5,4,4,2
6b4i3beeyzk6hq0hyl57kf0nqd7jc41j,ChatGPT-4,should teenagers learn all school subjects/focus on one subject,2023-03-28 13:00:46.145233+00:00,4,6,5,5,6,5,6,5,3
uatb851hhhj4nslj3ocd8yo240wnqgu5,Student,should teenagers learn all school subjects/focus on one subject,2023-03-28 13:00:47.072513+00:00,2,3,2,2,3,3,2,2,0
rfnh84gq81cvrlu3bnwwf18rgmfux1n2,Student,Technology keeps traditional skills and ways of life alive or not?,2023-03-28 13:00:47.633576+00:00,3,5,6,5,6,5,6,6,1
scntfq9o0qx5hp9jhu2qlxxwefu3ey79,ChatGPT-4,capital punishment..necessary or not,2023-03-28 13:00:48.410769+00:00,1,5,6,6,6,6,6,6,1
0ll3yprr67qbpu204ogv1msgkj0b5720,ChatGPT-4,Do modern communication technologies benefit all people,2023-03-28 13:00:50.871849+00:00,2,4,4,3,5,4,5,3,0
cn6ctjjzh8gzgi7fufcgkaxz066dudu3,Student,should goverment control media crime,2023-03-28 13:00:58.965136+00:00,3,4,4,4,4,4,4,4,0
fgvdmfileakyzco3iwp944837dhuwtbd,ChatGPT-4,zoos should be built to protect rural animals,2023-03-28 13:00:59.792907+00:00,2,2,2,3,3,2,3,3,0
fxty78tj0luhghulpp686zi9swrx64xi,Student,distance-learning vs. attending school in person,2023-03-28 13:01:00.745782+00:00,2,4,4,3,5,4,4,5,2
wjtbk547gm3kbhm2syykrda91a9koceu,ChatGPT-3,Influence of English - advantages outweigh the disadvantages,2023-03-28 13:01:01.005940+00:00,4,5,5,5,6,5,5,5,3
uk9ipqwkaqn2srsu522a9xudwrg1qgmb,ChatGPT-3,advantages and disadvantages of the prevalent of English,2023-03-28 13:01:04.430378+00:00,2,5,5,3,4,3,3,3,0
bphdm8l9hmzokdslryogg8xki0b3jo0j,ChatGPT-3,Traditional games or modern games in developing children's skills,2023-03-28 13:01:05.896772+00:00,2,5,6,5,5,6,5,5,3
kz75qd2mz8s5p9i73lyfdv7bvai36jd0,ChatGPT-4,distance-learning vs. attending school in person,2023-03-28 13:01:06.972574+00:00,3,3,3,3,3,3,3,3,0
rfnh84gq81cvrlu3bnwwf18rgmfux1n2,Student,Growing traffic & pollution can be controlled by increasing petrol prices,2023-03-28 13:01:09.839583+00:00,3,4,4,4,5,4,4,5,1
kvhozafx51i5gz3bcc7h668sdiph7q02,Student,humans should be able to use animals for their own benefit?,2023-03-28 13:01:20.134596+00:00,1,4,5,5,6,5,5,5,0
8276wlcpcdeplfxo6gwqscnzc4zr8zun,Student,Creative Artists,2023-03-28 13:01:28.370421+00:00,3,1,1,3,6,5,4,4,0
2qpxkgwgxmlymjo937jx65f3dzqzisx6,Student,Paying more money is the only motivation to make employees work harder,2023-03-28 13:01:28.719039+00:00,2,4,4,3,5,4,4,4,2
gu2mqy8u00yps3emmb12kbau21v0mqy0,ChatGPT-3,is a break good or bad after high school for students,2023-03-28 13:01:31.969001+00:00,5,4,4,2,6,5,5,5,3
ijrt9imkugyvgpj17hpnqv2zzrcbokzz,ChatGPT-3,capital punishment..necessary or not,2023-03-28 13:01:32.942355+00:00,4,6,5,5,6,5,5,6,2
bnpk5arlgchs81ch0so6l8ult9uqyqiy,ChatGPT-4,is a break good or bad after high school for students,2023-03-28 13:01:33.475701+00:00,3,5,5,4,5,3,4,4,0
o1kt32aukcf229hga3hdxmaqe1ezwhry,ChatGPT-4,Traditional games or modern games in developing children's skills,2023-03-28 13:01:34.294049+00:00,2,5,5,5,5,5,5,5,1
8y24o71xlukzq85g17n6ckhh09qf69pm,Student,capital punishment..necessary or not,2023-03-28 13:01:37.433256+00:00,3,3,3,3,4,3,3,3,1
fotpixguym6bxcv3wcjf4rjwcvbtrrb2,ChatGPT-3,"computers..use,future prospects and over-dependence",2023-03-28 13:01:38.619661+00:00,1,6,5,4,5,3,4,5,2
mfctuxkizf1flo6083xotwsi3o40wdup,Student,government shouldn't put money on building theaters or sports stadiums,2023-03-28 13:01:39.164679+00:00,1,6,6,6,6,6,6,6,1
yifwrgjzvf47cgclce78a6s9vwttz03s,ChatGPT-4,Traditional games or modern games in developing children's skills,2023-03-28 13:01:41.066952+00:00,2,2,2,2,3,3,3,3,0
ltvxxgg19tw3faj7z0k6mkvq8g9jwegx,ChatGPT-4,Should governments be responsible to help the unemployed and homeless,2023-03-28 13:01:42.264597+00:00,5,5,4,4,5,5,5,5,3
1ffzqxil7h3zmumj85svnetx29uvej3o,ChatGPT-3,advantages and disadvantages of the prevalent of English,2023-03-28 13:01:44.335327+00:00,2,3,4,2,4,5,4,5,3
kxhdunah6ib3a2597w6f4ikbyukby99e,Student,International sporting occasions help to ease international tensions,2023-03-28 13:01:47.426543+00:00,3,4,3,4,2,1,1,0,4
3kl7nnbqdpldx8sgoep4elq7dn8hlv38,ChatGPT-3,Nowadays there are more opportunities for women than there were in the past,2023-03-28 13:01:49.309762+00:00,5,6,6,5,6,6,6,6,3
gpic2k2okuxes27ltc6cg7fqq6xvqwyd,ChatGPT-3,Influence of English - advantages outweigh the disadvantages,2023-03-28 13:01:53.121482+00:00,1,4,4,4,3,3,3,4,0
otoqe4kenlwd1n79qw5t6u98a78fd2wo,ChatGPT-4,competition or co-operation-which is better,2023-03-28 13:01:53.181613+00:00,3,4,4,4,5,5,5,5,2
ruffupr6v7c4hcyndfmfklht33nr6r1y,ChatGPT-4,Creative Artists,2023-03-28 13:01:53.714671+00:00,5,6,6,6,6,6,6,6,4
kgermx9bs6qgjoj2uylwnlxuf2qmn2cx,ChatGPT-4,Should high school make music lessons compulsory,2023-03-28 13:01:53.865306+00:00,5,5,6,5,6,6,6,6,4
6z2czq2ox46ouw2hdygosn0svlyq2l9l,Student,Government should make more effort to promote alternative sources of energy,2023-03-28 13:01:58.182841+00:00,1,2,3,2,3,5,4,3,2
9e29g8fljpiaqqzio6jvwh2p62k960km,Student,zoos should be built to protect rural animals,2023-03-28 13:02:00.023012+00:00,2,3,4,4,5,4,4,4,3
ksredoneqru0xqxf7nq2hydb58zr0nvn,ChatGPT-4,competition or co-operation-which is better,2023-03-28 13:02:00.317826+00:00,3,1,2,3,2,2,2,3,2
k93jcx7ncootup27k9cukufet8klqhe4,ChatGPT-4,people will spend less time on cooking food,2023-03-28 13:02:00.426712+00:00,5,5,5,4,5,4,5,5,3
ppafqznb6xi3jwzmu94xtukc119jstbz,ChatGPT-4,government shouldn't put money on building theaters or sports stadiums,2023-03-28 13:02:00.447209+00:00,3,5,5,5,6,5,5,5,3
tt7g5cc8q09pivcekvsfj83qnvphc0c3,ChatGPT-4,museums and art galleries will disappear soon?,2023-03-28 13:02:05.961667+00:00,2,3,4,3,5,5,4,5,2
spi4fc3xqc8vlgepupj60e80z5ja0jql,Student,people will spend less time on cooking food,2023-03-28 13:02:06.347869+00:00,4,4,5,5,5,6,5,5,3
koecf6ha05tlkkowh8eyc1hj11ptbfey,ChatGPT-3,people will spend less time on cooking food,2023-03-28 13:02:07.118801+00:00,3,3,4,3,5,4,4,5,3
30fw2qnkvcx4h00abgbolm59x1g1nvtc,ChatGPT-3,people will spend less time on cooking food,2023-03-28 13:02:07.316377+00:00,2,5,5,4,5,3,4,4,3
kz75qd2mz8s5p9i73lyfdv7bvai36jd0,ChatGPT-3,should all the advertisements be banned?,2023-03-28 13:02:07.454081+00:00,3,3,3,3,3,3,3,3,0
85d01jfwme6nq0xuv81yn1jel0bsnxq6,ChatGPT-4,pros and cons of developments in agriculture,2023-03-28 13:02:09.748394+00:00,3,4,5,5,6,5,5,5,2
2bbhl6g2uav5bt0jutfc8wuco738qag5,Student,Influence of English - advantages outweigh the disadvantages,2023-03-28 13:02:15.363256+00:00,4,5,5,5,6,5,5,5,2
6vszxf66bcd0elzhfr99j3rio2nf3jyp,Student,museums and art galleries will disappear soon?,2023-03-28 13:02:18.046522+00:00,4,4,4,4,3,3,4,3,4
c5e8dbxl8892elwdq7enj4u6ldlp7zag,Student,competition or co-operation-which is better,2023-03-28 13:02:21.534930+00:00,4,3,2,2,2,2,3,2,3
69tf3g7u3j0ifyx5861asy2361cjr8gf,ChatGPT-4,should universities accept equal number of males/females or not,2023-03-28 13:02:24.987886+00:00,2,4,5,4,5,4,4,4,0
dc07m79j66n4bqxowx5uw2ogib8bb1zd,ChatGPT-3,Technology keeps traditional skills and ways of life alive or not?,2023-03-28 13:02:27.387958+00:00,5,4,4,4,5,4,4,4,3
lhvr4hzosu3w8zpxewi9lpavmvaon5a7,ChatGPT-4,Technology keeps traditional skills and ways of life alive or not?,2023-03-28 13:02:28.298511+00:00,3,5,5,5,6,5,6,6,3
vzzb1nrdniw3zxwhqwal7j0qcdpxfmuu,ChatGPT-4,Nowadays there are more opportunities for women than there were in the past,2023-03-28 13:02:33.711402+00:00,2,4,4,5,5,4,4,4,1
uwrin05xaajicfy33jc255se0w5vq22d,ChatGPT-3,capital punishment..necessary or not,2023-03-28 13:02:33.741055+00:00,2,5,5,4,6,5,5,5,3
ige0otcvhf6bn2o0w7mj4q1pb5u4r7ym,Student,is a break good or bad after high school for students,2023-03-28 13:02:33.871940+00:00,1,5,4,4,2,3,3,3,0
wmwrgz5dwqtgkkxf3mz3efhc44w9ly2u,Student,distance-learning vs. attending school in person,2023-03-28 13:02:33.982465+00:00,2,4,5,4,4,4,4,4,0
0srbxg98ookztl91uhlt1s9rgtbw53s4,ChatGPT-3,Traditional games or modern games in developing children's skills,2023-03-28 13:02:34.113901+00:00,2,5,5,4,6,5,5,5,2
csp5ciwsydqgtz6uq9l3a9145gcmq3as,Student,Traditional games or modern games in developing children's skills,2023-03-28 13:02:39.675698+00:00,2,5,5,5,5,5,5,5,3
flhpvtppxp5oyqksisq22okdbo74cka0,ChatGPT-4,capital punishment..necessary or not,2023-03-28 13:02:40.183622+00:00,1,5,5,3,4,5,5,4,0
yhhasgbui0x5dneax62an6p0y769nhca,Student,should universities accept equal number of males/females or not,2023-03-28 13:02:40.422234+00:00,0,2,2,2,3,2,3,3,0
wx1ftoab40fv73rki7wvap3lfiryf598,ChatGPT-4,is a break good or bad after high school for students,2023-03-28 13:02:40.742898+00:00,5,5,5,6,6,4,5,5,4
bphdm8l9hmzokdslryogg8xki0b3jo0j,ChatGPT-4,should all the advertisements be banned?,2023-03-28 13:02:41.281375+00:00,2,6,5,5,6,5,5,6,3
3ekw2nmnlpi8xlds6evadnvk99e4tznt,ChatGPT-3,zoos should be built to protect rural animals,2023-03-28 13:02:47.016361+00:00,5,5,5,5,6,4,4,4,2
7dp5uc83ssih07i9zrammmdz6yxrm578,ChatGPT-4,Creative Artists,2023-03-28 13:02:47.794250+00:00,2,2,3,4,5,4,5,5,3
xs3bvqru1ijm1a6rkls6k9soebp4t9j6,ChatGPT-3,Nowadays there are more opportunities for women than there were in the past,2023-03-28 13:02:49.235007+00:00,1,3,4,3,4,3,3,3,1
ccq6yh0sv33g0hhab3fqtcunap9lxrz1,Student,True Function of A University,2023-03-28 13:02:50.682664+00:00,2,3,3,3,3,3,4,3,1
tjnxkh2r9r1mczt21hzf1ne2ml32pc05,ChatGPT-3,Creative Artists,2023-03-28 13:02:51.826848+00:00,2,4,5,3,6,4,5,4,1
o1kt32aukcf229hga3hdxmaqe1ezwhry,ChatGPT-3,Those who use drugs should be automatically sentenced to time in prison,2023-03-28 13:02:52.322860+00:00,2,5,5,5,5,4,5,5,0
7h4kehby4qflhzzjg13qr89hl89kr6s2,Student,advantages and disadvantages of the prevalent of English,2023-03-28 13:02:52.946993+00:00,1,3,4,3,5,4,4,4,0
wwmqz42o3int4rtr1s5ea0oycp6kerm5,ChatGPT-4,Nowadays there are more opportunities for women than there were in the past,2023-03-28 13:02:55.902998+00:00,2,6,6,6,6,6,6,6,3
a460q5wc7leq8556iqzmjpy26gunhcno,ChatGPT-4,should goverment control media crime,2023-03-28 13:02:57.565308+00:00,2,5,5,5,6,6,5,5,0
zby0p8ese5gmn1tslotguvjz6sr6fwry,ChatGPT-3,government shouldn't put money on building theaters or sports stadiums,2023-03-28 13:02:57.903304+00:00,1,4,4,4,6,3,4,4,0
scntfq9o0qx5hp9jhu2qlxxwefu3ey79,Student,Growing traffic & pollution can be controlled by increasing petrol prices,2023-03-28 13:02:58.371469+00:00,1,3,2,2,6,6,6,6,1
fgvdmfileakyzco3iwp944837dhuwtbd,ChatGPT-3,Growing traffic & pollution can be controlled by increasing petrol prices,2023-03-28 13:02:59.611910+00:00,2,2,5,4,4,4,4,4,0
27cy61crue3numwu12qb1yjahlgx4dfo,ChatGPT-4,Benefits of students doing extra jobs,2023-03-28 13:03:01.104684+00:00,1,3,3,3,3,3,3,3,0
6b4i3beeyzk6hq0hyl57kf0nqd7jc41j,ChatGPT-4,Growing traffic & pollution can be controlled by increasing petrol prices,2023-03-28 13:03:07.101340+00:00,4,5,5,5,6,5,5,5,3
7o3t5f9mlhabs633ahy199a6jskwrmf0,ChatGPT-3,government shouldn't put money on building theaters or sports stadiums,2023-03-28 13:03:07.245777+00:00,1,4,4,3,5,4,3,3,1
2bbhl6g2uav5bt0jutfc8wuco738qag5,ChatGPT-3,Government should be responsible for education and health care or not?,2023-03-28 13:03:12.660856+00:00,4,5,5,5,5,5,5,5,2
yoo1jra1u9p6xm2ijx2uqx6b8i1bpz2d,ChatGPT-3,should universities accept equal number of males/females or not,2023-03-28 13:03:12.761701+00:00,3,4,5,4,6,5,5,5,2
hwlcvhvkpcsq26vqw3h4agtiu450yue0,ChatGPT-4,High sales reflect Power of Advertising and not the Real Need,2023-03-28 13:03:13.512368+00:00,5,5,5,4,5,5,5,5,3
ys5a2dcpibtimnjqyrf7k4xuggcr9a0n,ChatGPT-3,should goverment control media crime,2023-03-28 13:03:19.153006+00:00,4,5,5,5,6,5,5,5,3
bfb3uj06g3twa0h1oerv63pcacnffkls,Student,Technology keeps traditional skills and ways of life alive or not?,2023-03-28 13:03:20.428280+00:00,5,4,4,5,4,5,4,5,2
vzzb1nrdniw3zxwhqwal7j0qcdpxfmuu,ChatGPT-4,zoos should be banned,2023-03-28 13:03:21.992624+00:00,2,4,4,4,4,4,4,3,1
fpclvya6ezg3r9y75so0eijx3g92fth7,ChatGPT-3,should goverment control media crime,2023-03-28 13:03:22.088293+00:00,1,4,4,3,5,3,4,5,0
708dg1iqj3nk0wmc22tmdgx9ldvsx3ox,Student,should goverment control media crime,2023-03-28 13:03:22.926964+00:00,1,2,1,2,3,5,3,4,1
2l8nhwu0bdi4vvlgs3e7h8l8s9w65n8q,Student,people will spend less time on cooking food,2023-03-28 13:03:23.761222+00:00,4,3,3,4,3,4,4,3,2
twgmdtb7g2y9scz3vw45nqh4w3nvpt1q,ChatGPT-4,government shouldn't put money on building theaters or sports stadiums,2023-03-28 13:03:27.116567+00:00,4,5,5,6,6,6,6,6,3
0ll3yprr67qbpu204ogv1msgkj0b5720,ChatGPT-3,Growing traffic & pollution can be controlled by increasing petrol prices,2023-03-28 13:03:33.167350+00:00,2,4,4,4,6,4,4,3,0
ruffupr6v7c4hcyndfmfklht33nr6r1y,ChatGPT-4,Several languages are in danger of extinction,2023-03-28 13:03:34.862230+00:00,5,6,6,5,6,6,6,6,4
4pk3owfwo13gmb1w2lq7wadkc9sjzb18,ChatGPT-4,"computers..use,future prospects and over-dependence",2023-03-28 13:03:35.019806+00:00,5,5,5,5,6,6,6,6,4
uk9ipqwkaqn2srsu522a9xudwrg1qgmb,ChatGPT-4,should all the advertisements be banned?,2023-03-28 13:03:35.679941+00:00,2,3,3,3,3,3,2,2,0
b5641jbn13rh3k093necyaddm2cxwhoc,Student,Nowadays there are more opportunities for women than there were in the past,2023-03-28 13:03:37.286254+00:00,3,3,3,2,2,2,3,3,3
gpic2k2okuxes27ltc6cg7fqq6xvqwyd,ChatGPT-3,Is image more powerful than the written word?,2023-03-28 13:03:38.190760+00:00,1,4,4,4,5,4,4,4,1
2bbhl6g2uav5bt0jutfc8wuco738qag5,ChatGPT-4,Artists' freedom to express ideas,2023-03-28 13:03:38.871660+00:00,4,5,5,5,5,5,5,5,2
6ganr5vnayf3earis2qokj91nfkjprl1,ChatGPT-3,Technology keeps traditional skills and ways of life alive or not?,2023-03-28 13:03:39.055064+00:00,4,5,5,5,5,5,5,5,3
kz75qd2mz8s5p9i73lyfdv7bvai36jd0,Student,Government should be responsible for education and health care or not?,2023-03-28 13:03:39.938599+00:00,3,3,3,3,3,3,3,3,0
ijrt9imkugyvgpj17hpnqv2zzrcbokzz,Student,Those who use drugs should be automatically sentenced to time in prison,2023-03-28 13:03:41.494492+00:00,4,4,4,4,5,5,4,2,2
bphdm8l9hmzokdslryogg8xki0b3jo0j,ChatGPT-4,economic development vs environment,2023-03-28 13:03:41.837614+00:00,2,5,5,6,5,6,5,5,3
0j5ac1w3jqs3n4d88fxghkr996puxnzf,Student,competition or co-operation-which is better,2023-03-28 13:03:47.464619+00:00,2,5,6,6,5,5,5,6,2
otoqe4kenlwd1n79qw5t6u98a78fd2wo,ChatGPT-4,Several languages are in danger of extinction,2023-03-28 13:03:49.512654+00:00,3,5,5,5,6,4,6,5,2
zprb1muapmszr1s8btczu55w5y4wlxpe,Student,capital punishment..necessary or not,2023-03-28 13:03:52.764978+00:00,4,4,4,4,4,5,4,4,2
6vszxf66bcd0elzhfr99j3rio2nf3jyp,ChatGPT-3,Government should be responsible for education and health care or not?,2023-03-28 13:03:56.342402+00:00,4,6,6,6,6,6,6,6,4
bnpk5arlgchs81ch0so6l8ult9uqyqiy,Student,Those who use drugs should be automatically sentenced to time in prison,2023-03-28 13:03:56.793604+00:00,3,4,3,4,4,5,4,4,0
ppafqznb6xi3jwzmu94xtukc119jstbz,ChatGPT-3,Do arts and music improve the quality of life?,2023-03-28 13:03:58.144836+00:00,3,5,5,4,6,5,5,5,3
2bbhl6g2uav5bt0jutfc8wuco738qag5,Student,The nuclear power provide clean and cheap energy,2023-03-28 13:03:58.315597+00:00,4,5,5,5,5,5,5,5,2
z829f0o2q6wb7in59s4xp8d6xpwhkzcg,ChatGPT-4,should universities accept equal number of males/females or not,2023-03-28 13:03:58.974388+00:00,2,4,5,2,6,5,5,5,3
fotpixguym6bxcv3wcjf4rjwcvbtrrb2,ChatGPT-4,Is image more powerful than the written word?,2023-03-28 13:03:59.350359+00:00,1,3,4,4,4,4,4,4,2
3abdtb3vc2w8k9u6k3bbajtd6szuifko,Student,should universities accept equal number of males/females or not,2023-03-28 13:04:02.156541+00:00,4,2,3,3,3,2,4,3,3
q6pbiymk6hbriv1i7otts03k8x05w5x5,Student,Creative Artists,2023-03-28 13:04:06.583392+00:00,1,5,5,6,6,5,5,5,1
2qpxkgwgxmlymjo937jx65f3dzqzisx6,ChatGPT-4,Those who use drugs should be automatically sentenced to time in prison,2023-03-28 13:04:08.080845+00:00,2,2,3,3,6,5,5,6,2
3ekw2nmnlpi8xlds6evadnvk99e4tznt,ChatGPT-3,"Government should spend money on ARTs, not only on public services",2023-03-28 13:04:09.203796+00:00,5,4,5,4,5,5,5,5,2
69tf3g7u3j0ifyx5861asy2361cjr8gf,ChatGPT-4,Government should be responsible for education and health care or not?,2023-03-28 13:04:18.687566+00:00,2,5,5,4,5,5,4,5,2
ksredoneqru0xqxf7nq2hydb58zr0nvn,Student,Several languages are in danger of extinction,2023-03-28 13:04:19.544985+00:00,3,1,1,1,1,1,1,2,3
8j5mwnzgha1ifg9okov4p9mpwdxxvf6x,Student,should teenagers learn all school subjects/focus on one subject,2023-03-28 13:04:19.686934+00:00,3,5,5,6,6,5,6,6,2
fxty78tj0luhghulpp686zi9swrx64xi,Student,should all the advertisements be banned?,2023-03-28 13:04:22.736769+00:00,2,3,4,2,4,3,4,3,2
l3e1dw5u4qyqqxikbnx4ojfwzz8zx20i,ChatGPT-4,True Function of A University,2023-03-28 13:04:24.181696+00:00,5,5,6,4,6,5,6,5,2
30fw2qnkvcx4h00abgbolm59x1g1nvtc,ChatGPT-4,Do arts and music improve the quality of life?,2023-03-28 13:04:24.333655+00:00,2,5,5,5,6,4,5,5,3
dc07m79j66n4bqxowx5uw2ogib8bb1zd,ChatGPT-3,zoos should be banned,2023-03-28 13:04:32.475664+00:00,5,6,6,6,6,4,5,5,3
0ynzvwvxifu3enwwv5vog2rc8via3sb4,ChatGPT-4,"computers..use,future prospects and over-dependence",2023-03-28 13:04:32.569884+00:00,2,5,4,5,6,5,5,5,2
jfxrdb4vpizn9mjmtka32psmk1htgegt,ChatGPT-3,Do modern communication technologies benefit all people,2023-03-28 13:04:32.754192+00:00,4,4,4,3,5,4,4,4,2
wjtbk547gm3kbhm2syykrda91a9koceu,Student,should all the advertisements be banned?,2023-03-28 13:04:35.093134+00:00,4,3,3,2,2,3,3,3,3
koecf6ha05tlkkowh8eyc1hj11ptbfey,ChatGPT-4,Do arts and music improve the quality of life?,2023-03-28 13:04:35.388955+00:00,3,5,4,5,5,4,4,5,3
spi4fc3xqc8vlgepupj60e80z5ja0jql,Student,Do arts and music improve the quality of life?,2023-03-28 13:04:36.309129+00:00,4,4,4,4,2,4,3,3,2
flhpvtppxp5oyqksisq22okdbo74cka0,ChatGPT-3,economic development vs environment,2023-03-28 13:04:41.877031+00:00,1,4,4,4,3,4,4,4,0
7dp5uc83ssih07i9zrammmdz6yxrm578,ChatGPT-3,"Government should spend money on ARTs, not only on public services",2023-03-28 13:04:41.921949+00:00,2,3,4,4,4,4,4,4,3
8y24o71xlukzq85g17n6ckhh09qf69pm,ChatGPT-3,Those who use drugs should be automatically sentenced to time in prison,2023-03-28 13:04:44.110025+00:00,3,4,4,3,5,4,5,5,1
6z2czq2ox46ouw2hdygosn0svlyq2l9l,ChatGPT-3,Several languages are in danger of extinction,2023-03-28 13:04:44.872440+00:00,1,5,5,5,6,6,5,6,3
1ffzqxil7h3zmumj85svnetx29uvej3o,Student,Is image more powerful than the written word?,2023-03-28 13:04:45.386997+00:00,2,5,5,5,6,5,5,5,3
ovveu2pletq3xkjup4t2qmqe3u69ytcb,ChatGPT-4,More people are migrating to other countries than ever before,2023-03-28 13:04:47.349638+00:00,3,6,6,2,6,4,5,5,2
ltvxxgg19tw3faj7z0k6mkvq8g9jwegx,Student,Is image more powerful than the written word?,2023-03-28 13:04:51.400271+00:00,5,6,6,6,6,6,6,6,3
ijrt9imkugyvgpj17hpnqv2zzrcbokzz,ChatGPT-3,Giving mobile phones to the unemployed,2023-03-28 13:04:51.430229+00:00,4,5,5,5,6,6,6,6,2
xea685r9fwrkuaugtc3aucspv34av5el,Student,Influence of English - advantages outweigh the disadvantages,2023-03-28 13:04:53.030759+00:00,5,2,3,2,4,4,4,3,3
ilfp64e1834fa3jfozvmtz4bmpezd3b1,Student,Nowadays there are more opportunities for women than there were in the past,2023-03-28 13:04:53.559883+00:00,4,1,3,2,4,5,4,4,2
yhhasgbui0x5dneax62an6p0y769nhca,ChatGPT-3,economic development vs environment,2023-03-28 13:04:54.178821+00:00,0,1,1,1,0,1,1,1,0
xs3bvqru1ijm1a6rkls6k9soebp4t9j6,Student,"Government should spend money on ARTs, not only on public services",2023-03-28 13:05:02.454488+00:00,1,3,3,4,3,3,4,4,1
c65f6wf1av4g3nkfzj11vbs3j4ut7e5p,Student,government shouldn't put money on building theaters or sports stadiums,2023-03-28 13:05:03.140477+00:00,4,5,4,4,5,5,5,5,3
9e29g8fljpiaqqzio6jvwh2p62k960km,Student,Several languages are in danger of extinction,2023-03-28 13:05:07.021948+00:00,2,3,3,2,4,3,3,3,3
fgvdmfileakyzco3iwp944837dhuwtbd,ChatGPT-4,Keeping animals in zoos,2023-03-28 13:05:11.211970+00:00,2,3,3,3,4,4,4,3,0
7o3t5f9mlhabs633ahy199a6jskwrmf0,ChatGPT-3,Artists' freedom to express ideas,2023-03-28 13:05:11.408108+00:00,1,2,3,3,5,4,4,4,1
ige0otcvhf6bn2o0w7mj4q1pb5u4r7ym,Student,zoos should be banned,2023-03-28 13:05:11.831313+00:00,1,6,5,5,5,5,5,5,0
708dg1iqj3nk0wmc22tmdgx9ldvsx3ox,ChatGPT-4,Advertising - positive or negative part of our lives,2023-03-28 13:05:12.229123+00:00,1,4,5,2,6,4,5,5,1
csp5ciwsydqgtz6uq9l3a9145gcmq3as,Student,economic development vs environment,2023-03-28 13:05:13.501220+00:00,2,4,4,4,4,4,4,4,1
tjnxkh2r9r1mczt21hzf1ne2ml32pc05,ChatGPT-4,"Government should spend money on ARTs, not only on public services",2023-03-28 13:05:15.070383+00:00,2,5,5,4,6,5,5,5,1
scntfq9o0qx5hp9jhu2qlxxwefu3ey79,ChatGPT-3,Keeping animals in zoos,2023-03-28 13:05:16.052621+00:00,1,4,4,3,5,3,4,5,1
zby0p8ese5gmn1tslotguvjz6sr6fwry,ChatGPT-3,Keeping animals in zoos,2023-03-28 13:05:16.237068+00:00,1,3,3,3,2,2,3,3,2
a460q5wc7leq8556iqzmjpy26gunhcno,Student,Keeping animals in zoos,2023-03-28 13:05:16.786156+00:00,2,3,4,4,3,4,3,3,0
2l8nhwu0bdi4vvlgs3e7h8l8s9w65n8q,ChatGPT-4,Advertising - positive or negative part of our lives,2023-03-28 13:05:25.603263+00:00,4,5,5,5,6,6,5,5,3
g0rntgh8sk4ehswu3iphviv8byk5bgad,Student,"computers..use,future prospects and over-dependence",2023-03-28 13:05:26.129553+00:00,4,4,4,4,2,4,4,4,3
6b4i3beeyzk6hq0hyl57kf0nqd7jc41j,ChatGPT-3,Artists' freedom to express ideas,2023-03-28 13:05:26.318364+00:00,4,4,3,4,5,3,4,4,2
c5e8dbxl8892elwdq7enj4u6ldlp7zag,ChatGPT-4,Government should be responsible for education and health care or not?,2023-03-28 13:05:26.594222+00:00,4,5,5,3,6,6,5,5,3
hwlcvhvkpcsq26vqw3h4agtiu450yue0,Student,Artists' freedom to express ideas,2023-03-28 13:05:29.261428+00:00,5,4,4,4,4,5,5,5,3
7m0e64i3izio38r6xchtiigf45pqo57b,ChatGPT-4,Technology keeps traditional skills and ways of life alive or not?,2023-03-28 13:05:30.912711+00:00,4,3,4,4,5,5,6,5,2
6y89af5q9a9exs9tcc2lk9tphhn6oeh3,Student,creativity-should it be given freedom or restrictions,2023-03-28 13:05:32.637961+00:00,3,2,1,1,2,2,2,2,3
wwmqz42o3int4rtr1s5ea0oycp6kerm5,Student,Keeping animals in zoos,2023-03-28 13:05:46.712484+00:00,2,4,3,2,2,2,2,2,3
g6h2au00q9nlgjblnvxhl0uh7y9x3juv,ChatGPT-4,Gender Equality at university admission,2023-03-28 13:05:49.643305+00:00,3,4,5,4,4,4,4,4,3
6ganr5vnayf3earis2qokj91nfkjprl1,Student,The nuclear power provide clean and cheap energy,2023-03-28 13:05:53.939169+00:00,4,4,3,4,4,4,4,4,3
gpic2k2okuxes27ltc6cg7fqq6xvqwyd,ChatGPT-3,The nuclear power provide clean and cheap energy,2023-03-28 13:05:55.095314+00:00,1,4,4,3,3,3,4,3,1
x90j0mb3p2e7nqay9plsgzge4hjjnm6g,ChatGPT-3,should universities accept equal number of males/females or not,2023-03-28 13:05:55.963018+00:00,0,5,5,5,5,5,5,5,0
27cy61crue3numwu12qb1yjahlgx4dfo,ChatGPT-4,Keeping animals in zoos,2023-03-28 13:05:57.811818+00:00,1,5,5,4,5,2,3,3,1
twgmdtb7g2y9scz3vw45nqh4w3nvpt1q,Student,Advertising - positive or negative part of our lives,2023-03-28 13:05:59.329044+00:00,4,4,4,5,5,4,4,4,3
wx1ftoab40fv73rki7wvap3lfiryf598,ChatGPT-4,economic development vs environment,2023-03-28 13:06:02.124267+00:00,5,5,6,5,6,6,6,6,4
69tf3g7u3j0ifyx5861asy2361cjr8gf,ChatGPT-4,Use of CCTV cameras,2023-03-28 13:06:04.405607+00:00,2,4,4,3,4,3,4,4,1
wmwrgz5dwqtgkkxf3mz3efhc44w9ly2u,Student,zoos should be banned,2023-03-28 13:06:04.980663+00:00,2,5,5,5,5,4,5,4,1
goy6fcxoim5ydlkiarbswih1qcqqca18,Student,Traditional games or modern games in developing children's skills,2023-03-28 13:06:05.900101+00:00,2,5,4,4,5,5,4,5,2
yoo1jra1u9p6xm2ijx2uqx6b8i1bpz2d,ChatGPT-4,Artists' freedom to express ideas,2023-03-28 13:06:08.882175+00:00,3,5,5,4,6,5,6,5,2
85d01jfwme6nq0xuv81yn1jel0bsnxq6,Student,Government should be responsible for education and health care or not?,2023-03-28 13:06:13.370857+00:00,3,5,5,5,6,6,5,6,2
b5641jbn13rh3k093necyaddm2cxwhoc,ChatGPT-3,The nuclear power provide clean and cheap energy,2023-03-28 13:06:15.706827+00:00,3,6,5,4,5,5,5,5,3
7h4kehby4qflhzzjg13qr89hl89kr6s2,ChatGPT-4,"Government should spend money on ARTs, not only on public services",2023-03-28 13:06:16.507102+00:00,1,4,4,4,5,4,4,4,0
uk9ipqwkaqn2srsu522a9xudwrg1qgmb,ChatGPT-4,The nuclear power provide clean and cheap energy,2023-03-28 13:06:17.966529+00:00,2,4,4,4,5,5,5,5,0
tt7g5cc8q09pivcekvsfj83qnvphc0c3,Student,Do arts and music improve the quality of life?,2023-03-28 13:06:19.669425+00:00,2,0,0,1,1,3,4,4,2
kxhdunah6ib3a2597w6f4ikbyukby99e,ChatGPT-3,Is image more powerful than the written word?,2023-03-28 13:06:25.790768+00:00,3,3,4,4,6,5,5,5,4
30fw2qnkvcx4h00abgbolm59x1g1nvtc,ChatGPT-3,teaching and researching working together lead to the success,2023-03-28 13:06:25.912386+00:00,2,4,5,4,5,4,4,4,3
0ll3yprr67qbpu204ogv1msgkj0b5720,Student,Advertising - positive or negative part of our lives,2023-03-28 13:06:26.011050+00:00,2,5,4,3,6,4,3,5,0
g6h2au00q9nlgjblnvxhl0uh7y9x3juv,ChatGPT-3,Solve traffic and housing problems by moving companies to the rural areas?,2023-03-28 13:06:26.255830+00:00,3,5,5,5,4,5,5,5,3
uwrin05xaajicfy33jc255se0w5vq22d,ChatGPT-4,zoos should be banned,2023-03-28 13:06:27.557919+00:00,2,5,5,5,6,5,5,5,3
ilfp64e1834fa3jfozvmtz4bmpezd3b1,ChatGPT-3,Prefer to live in a small town rather than a city,2023-03-28 13:06:28.459758+00:00,4,5,5,3,6,3,4,4,3
otoqe4kenlwd1n79qw5t6u98a78fd2wo,Student,Giving mobile phones to the unemployed,2023-03-28 13:06:28.719053+00:00,3,4,3,3,3,3,3,4,2
7o3t5f9mlhabs633ahy199a6jskwrmf0,ChatGPT-3,Knowledge from experience is more important than that from books,2023-03-28 13:06:28.828271+00:00,1,4,5,4,5,3,4,5,1
kgermx9bs6qgjoj2uylwnlxuf2qmn2cx,ChatGPT-3,Several languages are in danger of extinction,2023-03-28 13:06:32.026859+00:00,5,5,3,5,6,6,6,6,4
flhpvtppxp5oyqksisq22okdbo74cka0,Student,Can petrol price increase impact on reducing traffic and pollution?,2023-03-28 13:06:33.666965+00:00,1,5,5,4,4,4,4,4,0
ijrt9imkugyvgpj17hpnqv2zzrcbokzz,Student,Prefer to live in a small town rather than a city,2023-03-28 13:06:37.288995+00:00,4,4,5,4,4,4,4,3,2
bfb3uj06g3twa0h1oerv63pcacnffkls,ChatGPT-3,Advertising - positive or negative part of our lives,2023-03-28 13:06:38.697206+00:00,5,4,5,3,6,3,5,5,3
q6pbiymk6hbriv1i7otts03k8x05w5x5,ChatGPT-3,Use of CCTV cameras,2023-03-28 13:06:44.688363+00:00,1,2,4,3,4,3,3,3,1
g6h2au00q9nlgjblnvxhl0uh7y9x3juv,Student,Alternative forms of transport to alleviate traffic congestion,2023-03-28 13:06:49.825360+00:00,3,4,4,4,4,3,4,4,3
lhvr4hzosu3w8zpxewi9lpavmvaon5a7,ChatGPT-3,zoos should be banned,2023-03-28 13:06:53.797285+00:00,3,3,4,4,5,3,4,4,3
jfxrdb4vpizn9mjmtka32psmk1htgegt,ChatGPT-4,teaching and researching working together lead to the success,2023-03-28 13:06:55.459727+00:00,4,5,5,4,6,4,6,5,3
iidiehcofyz0c0u11g2vu3nmgpjqlj15,ChatGPT-4,computer has negative effects to children,2023-03-28 13:06:55.633472+00:00,1,4,4,4,4,3,3,3,0
kvhozafx51i5gz3bcc7h668sdiph7q02,ChatGPT-4,Those who use drugs should be automatically sentenced to time in prison,2023-03-28 13:06:56.066950+00:00,1,5,4,4,5,5,5,5,0
8y24o71xlukzq85g17n6ckhh09qf69pm,ChatGPT-3,Can petrol price increase impact on reducing traffic and pollution?,2023-03-28 13:06:56.618128+00:00,3,5,4,3,5,5,5,5,1
koecf6ha05tlkkowh8eyc1hj11ptbfey,Student,teaching and researching working together lead to the success,2023-03-28 13:06:59.470291+00:00,3,1,3,2,4,4,4,4,3
spi4fc3xqc8vlgepupj60e80z5ja0jql,Student,Can petrol price increase impact on reducing traffic and pollution?,2023-03-28 13:07:00.657548+00:00,4,4,4,4,3,3,3,3,2
hwlcvhvkpcsq26vqw3h4agtiu450yue0,Student,Solve traffic and housing problems by moving companies to the rural areas?,2023-03-28 13:07:04.400645+00:00,5,4,5,4,3,5,5,4,3
tjnxkh2r9r1mczt21hzf1ne2ml32pc05,ChatGPT-4,Knowledge from experience is more important than that from books,2023-03-28 13:07:06.219350+00:00,2,3,4,3,6,4,5,4,1
2qpxkgwgxmlymjo937jx65f3dzqzisx6,ChatGPT-3,Use of CCTV cameras,2023-03-28 13:07:09.483944+00:00,2,5,5,5,6,5,5,5,2
g6h2au00q9nlgjblnvxhl0uh7y9x3juv,ChatGPT-4,Do modern communication technologies benefit all people,2023-03-28 13:07:11.733657+00:00,3,5,5,5,6,5,5,5,3
fgvdmfileakyzco3iwp944837dhuwtbd,ChatGPT-3,Knowledge from experience is more important than that from books,2023-03-28 13:07:13.944586+00:00,2,2,2,2,2,2,2,3,0
ige0otcvhf6bn2o0w7mj4q1pb5u4r7ym,ChatGPT-4,Knowledge from experience is more important than that from books,2023-03-28 13:07:21.301413+00:00,1,6,6,5,6,6,6,6,0
3abdtb3vc2w8k9u6k3bbajtd6szuifko,ChatGPT-4,Giving mobile phones to the unemployed,2023-03-28 13:07:24.373676+00:00,4,5,5,4,6,5,5,5,3
ksredoneqru0xqxf7nq2hydb58zr0nvn,ChatGPT-4,Use of CCTV cameras,2023-03-28 13:07:26.179105+00:00,3,1,1,2,1,1,2,2,3
flhpvtppxp5oyqksisq22okdbo74cka0,ChatGPT-4,Paying more money is the only motivation to make employees work harder,2023-03-28 13:07:28.142512+00:00,1,5,5,4,5,5,4,4,0
xea685r9fwrkuaugtc3aucspv34av5el,ChatGPT-3,Prefer to live in a small town rather than a city,2023-03-28 13:07:28.254053+00:00,5,6,5,5,6,5,6,5,4
fpclvya6ezg3r9y75so0eijx3g92fth7,ChatGPT-3,Advertising - positive or negative part of our lives,2023-03-28 13:07:29.730546+00:00,1,4,4,4,4,4,4,4,0
z829f0o2q6wb7in59s4xp8d6xpwhkzcg,ChatGPT-4,Giving mobile phones to the unemployed,2023-03-28 13:07:32.358342+00:00,2,3,5,4,6,5,5,5,3
0srbxg98ookztl91uhlt1s9rgtbw53s4,Student,economic development vs environment,2023-03-28 13:07:37.355098+00:00,2,5,5,6,6,5,6,6,2
gpic2k2okuxes27ltc6cg7fqq6xvqwyd,ChatGPT-3,Solve traffic and housing problems by moving companies to the rural areas?,2023-03-28 13:07:39.229449+00:00,1,4,4,4,4,3,4,4,1
ys5a2dcpibtimnjqyrf7k4xuggcr9a0n,Student,Artists' freedom to express ideas,2023-03-28 13:07:51.978621+00:00,4,1,1,2,1,3,1,2,2
mfctuxkizf1flo6083xotwsi3o40wdup,ChatGPT-4,Is image more powerful than the written word?,2023-03-28 13:07:53.500786+00:00,1,4,5,4,4,4,4,5,0
0ynzvwvxifu3enwwv5vog2rc8via3sb4,ChatGPT-4,teaching and researching working together lead to the success,2023-03-28 13:07:57.052500+00:00,2,4,5,4,6,6,6,5,1
iidiehcofyz0c0u11g2vu3nmgpjqlj15,ChatGPT-3,humans should be able to use animals for their own benefit?,2023-03-28 13:07:59.353736+00:00,1,4,4,2,3,2,2,3,0
x90j0mb3p2e7nqay9plsgzge4hjjnm6g,Student,Museums as a form of entertainment or education?,2023-03-28 13:08:00.836271+00:00,0,5,5,6,5,5,5,5,0
9e29g8fljpiaqqzio6jvwh2p62k960km,ChatGPT-4,Prefer to live in a small town rather than a city,2023-03-28 13:08:08.622246+00:00,2,4,4,3,4,4,4,4,3
uk9ipqwkaqn2srsu522a9xudwrg1qgmb,ChatGPT-3,Using animals for the benefit of the human beings,2023-03-28 13:08:09.984132+00:00,2,5,5,4,4,4,4,4,0
kgermx9bs6qgjoj2uylwnlxuf2qmn2cx,ChatGPT-4,Why should human beings travel to outer space?,2023-03-28 13:08:14.566222+00:00,5,5,6,6,6,6,6,6,4
7h4kehby4qflhzzjg13qr89hl89kr6s2,ChatGPT-4,Young people should go to university or not,2023-03-28 13:08:17.317697+00:00,1,5,5,5,6,5,5,5,0
hwlcvhvkpcsq26vqw3h4agtiu450yue0,Student,should universities accept equal number of males/females or not,2023-03-28 13:08:17.832560+00:00,5,4,4,4,3,5,5,5,3
uatb851hhhj4nslj3ocd8yo240wnqgu5,ChatGPT-4,Growing traffic & pollution can be controlled by increasing petrol prices,2023-03-28 13:08:22.074341+00:00,2,4,4,4,4,4,4,3,0
4pk3owfwo13gmb1w2lq7wadkc9sjzb18,ChatGPT-4,The nuclear power provide clean and cheap energy,2023-03-28 13:08:24.103046+00:00,5,5,6,4,6,5,6,5,3
ccq6yh0sv33g0hhab3fqtcunap9lxrz1,Student,"Government should spend money on ARTs, not only on public services",2023-03-28 13:08:25.664007+00:00,2,4,4,4,5,4,4,3,1
wmwrgz5dwqtgkkxf3mz3efhc44w9ly2u,ChatGPT-3,Will newspapers become a thing of the past?,2023-03-28 13:08:26.233170+00:00,2,4,4,4,4,3,3,3,1
twgmdtb7g2y9scz3vw45nqh4w3nvpt1q,ChatGPT-4,More people are migrating to other countries than ever before,2023-03-28 13:08:28.660630+00:00,4,6,6,6,6,6,6,6,3
wx1ftoab40fv73rki7wvap3lfiryf598,Student,Living and studying overseas,2023-03-28 13:08:32.554024+00:00,5,5,4,4,5,3,4,4,4
1ffzqxil7h3zmumj85svnetx29uvej3o,ChatGPT-4,Can petrol price increase impact on reducing traffic and pollution?,2023-03-28 13:08:32.888482+00:00,2,1,3,2,5,4,5,4,3
koecf6ha05tlkkowh8eyc1hj11ptbfey,ChatGPT-3,creativity-should it be given freedom or restrictions,2023-03-28 13:08:36.072601+00:00,3,5,5,5,5,5,4,6,3
tt7g5cc8q09pivcekvsfj83qnvphc0c3,ChatGPT-3,Gender Equality at university admission,2023-03-28 13:08:36.335042+00:00,2,4,5,5,6,5,5,5,3
k93jcx7ncootup27k9cukufet8klqhe4,ChatGPT-3,Do arts and music improve the quality of life?,2023-03-28 13:08:37.590615+00:00,5,4,5,4,5,4,5,5,3
ksredoneqru0xqxf7nq2hydb58zr0nvn,Student,should all the advertisements be banned?,2023-03-28 13:08:45.953705+00:00,3,1,1,1,1,1,1,1,3
8j5mwnzgha1ifg9okov4p9mpwdxxvf6x,Student,Use of CCTV cameras,2023-03-28 13:08:50.024934+00:00,3,5,5,6,6,5,5,5,3
0j5ac1w3jqs3n4d88fxghkr996puxnzf,ChatGPT-3,Giving mobile phones to the unemployed,2023-03-28 13:08:57.175001+00:00,2,4,4,4,4,3,4,4,2
ltvxxgg19tw3faj7z0k6mkvq8g9jwegx,Student,Prefer to live in a small town rather than a city,2023-03-28 13:08:58.790717+00:00,5,4,3,3,3,4,4,4,3
6z2czq2ox46ouw2hdygosn0svlyq2l9l,ChatGPT-3,Can petrol price increase impact on reducing traffic and pollution?,2023-03-28 13:09:03.114933+00:00,1,6,5,6,6,6,5,5,3
c5e8dbxl8892elwdq7enj4u6ldlp7zag,Student,Solve traffic and housing problems by moving companies to the rural areas?,2023-03-28 13:09:04.185874+00:00,4,3,4,4,3,4,3,3,2
7h4kehby4qflhzzjg13qr89hl89kr6s2,Student,Why you should exercise,2023-03-28 13:09:05.899893+00:00,1,6,6,6,6,6,6,6,0
0ll3yprr67qbpu204ogv1msgkj0b5720,ChatGPT-4,Society should ban all forms of the advertising,2023-03-28 13:09:09.908091+00:00,2,4,4,4,6,4,4,6,0
6y89af5q9a9exs9tcc2lk9tphhn6oeh3,ChatGPT-4,Solve traffic and housing problems by moving companies to the rural areas?,2023-03-28 13:09:14.557628+00:00,3,6,5,5,6,6,6,6,4
zprb1muapmszr1s8btczu55w5y4wlxpe,Student,Giving mobile phones to the unemployed,2023-03-28 13:09:16.753196+00:00,4,5,4,4,5,5,5,4,3
zby0p8ese5gmn1tslotguvjz6sr6fwry,Student,Knowledge from experience is more important than that from books,2023-03-28 13:09:18.661581+00:00,1,1,1,1,2,2,1,3,1
ilfp64e1834fa3jfozvmtz4bmpezd3b1,ChatGPT-4,International sporting occasions help to ease international tensions,2023-03-28 13:09:21.464526+00:00,4,4,5,5,6,4,5,5,2
iidiehcofyz0c0u11g2vu3nmgpjqlj15,ChatGPT-4,Prefer to live in a small town rather than a city,2023-03-28 13:09:24.310814+00:00,1,5,5,4,5,5,4,5,0
fxty78tj0luhghulpp686zi9swrx64xi,Student,Use of CCTV cameras,2023-03-28 13:09:24.894793+00:00,2,2,4,3,3,2,2,3,2
c65f6wf1av4g3nkfzj11vbs3j4ut7e5p,ChatGPT-4,Prefer to live in a small town rather than a city,2023-03-28 13:09:25.731079+00:00,4,5,5,4,4,4,4,5,3
ccq6yh0sv33g0hhab3fqtcunap9lxrz1,ChatGPT-3,Locker checks,2023-03-28 13:09:26.691968+00:00,2,5,5,5,5,5,5,4,1
k93jcx7ncootup27k9cukufet8klqhe4,ChatGPT-4,Financial Aid To Developing Countries,2023-03-28 13:09:29.323607+00:00,5,6,6,6,6,5,6,5,4
kvhozafx51i5gz3bcc7h668sdiph7q02,Student,should teenagers learn all school subjects/focus on one subject,2023-03-28 13:09:32.042688+00:00,1,3,3,2,4,3,3,3,0
85d01jfwme6nq0xuv81yn1jel0bsnxq6,ChatGPT-4,Computer replace  man power in jobs,2023-03-28 13:09:32.986348+00:00,3,5,4,3,6,5,5,5,1
jfxrdb4vpizn9mjmtka32psmk1htgegt,ChatGPT-4,pros and cons of developments in agriculture,2023-03-28 13:09:35.126793+00:00,4,5,5,5,6,3,5,5,3
fpclvya6ezg3r9y75so0eijx3g92fth7,ChatGPT-3,Do arts and music improve the quality of life?,2023-03-28 13:09:38.260837+00:00,1,5,5,5,6,5,5,5,0
yoo1jra1u9p6xm2ijx2uqx6b8i1bpz2d,Student,Everyone Should Go Camping,2023-03-28 13:09:41.035694+00:00,3,5,4,5,5,2,4,4,2
bfb3uj06g3twa0h1oerv63pcacnffkls,Student,Should governments be responsible to help the unemployed and homeless,2023-03-28 13:09:46.987940+00:00,5,2,2,2,3,4,4,3,2
uwrin05xaajicfy33jc255se0w5vq22d,Student,Study at school or get a job?,2023-03-28 13:09:57.390576+00:00,2,2,2,2,3,2,3,3,2
uatb851hhhj4nslj3ocd8yo240wnqgu5,ChatGPT-3,Advertisements affects on consumer goods,2023-03-28 13:10:03.693957+00:00,2,5,5,4,5,4,4,4,0
9e29g8fljpiaqqzio6jvwh2p62k960km,ChatGPT-3,Should students be taught to compete or to cooperate?,2023-03-28 13:10:07.601125+00:00,2,5,5,4,6,5,5,5,3
xea685r9fwrkuaugtc3aucspv34av5el,ChatGPT-4,Is image more powerful than the written word?,2023-03-28 13:10:09.355060+00:00,5,6,6,6,6,6,6,6,4
wjtbk547gm3kbhm2syykrda91a9koceu,Student,teaching and researching working together lead to the success,2023-03-28 13:10:11.613662+00:00,4,1,1,1,1,2,4,4,3
l3e1dw5u4qyqqxikbnx4ojfwzz8zx20i,ChatGPT-3,teaching and researching working together lead to the success,2023-03-28 13:10:15.229218+00:00,5,5,5,4,3,5,5,5,2
iidiehcofyz0c0u11g2vu3nmgpjqlj15,ChatGPT-3,people will spend less time on cooking food,2023-03-28 13:10:18.782715+00:00,1,5,5,4,5,5,4,5,0
7m0e64i3izio38r6xchtiigf45pqo57b,ChatGPT-4,Solve traffic and housing problems by moving companies to the rural areas?,2023-03-28 13:10:20.391571+00:00,4,3,4,4,5,4,5,5,2
mfctuxkizf1flo6083xotwsi3o40wdup,Student,Advertising - positive or negative part of our lives,2023-03-28 13:10:24.891322+00:00,1,3,4,4,4,3,4,4,1
hwlcvhvkpcsq26vqw3h4agtiu450yue0,ChatGPT-3,Technology cannot solve all the world's problems,2023-03-28 13:10:41.474208+00:00,5,5,5,5,6,6,6,6,3
twgmdtb7g2y9scz3vw45nqh4w3nvpt1q,Student,Lessons with teachers versus others sources,2023-03-28 13:10:43.075671+00:00,4,3,4,3,3,2,3,3,3
kxhdunah6ib3a2597w6f4ikbyukby99e,ChatGPT-3,Influence Of Large Factory,2023-03-28 13:10:44.272281+00:00,3,4,3,4,6,3,5,4,3
2qpxkgwgxmlymjo937jx65f3dzqzisx6,ChatGPT-4,government shouldn't put money on building theaters or sports stadiums,2023-03-28 13:10:48.204680+00:00,2,5,5,4,6,6,6,6,2
q6pbiymk6hbriv1i7otts03k8x05w5x5,Student,zoos should be built to protect rural animals,2023-03-28 13:10:53.825251+00:00,1,4,4,4,5,4,4,4,1
kgermx9bs6qgjoj2uylwnlxuf2qmn2cx,ChatGPT-4,International tourism is now more common than ever before (against),2023-03-28 13:10:54.057354+00:00,5,6,6,5,6,6,6,6,4
kvhozafx51i5gz3bcc7h668sdiph7q02,ChatGPT-4,Influence of English - advantages outweigh the disadvantages,2023-03-28 13:11:09.295165+00:00,1,3,3,3,3,3,4,3,0
0srbxg98ookztl91uhlt1s9rgtbw53s4,ChatGPT-4,"Government should spend money on ARTs, not only on public services",2023-03-28 13:11:15.744612+00:00,2,4,4,4,5,5,5,5,1
ltvxxgg19tw3faj7z0k6mkvq8g9jwegx,ChatGPT-4,technology that widen the gap between rich and poor?,2023-03-28 13:11:16.729264+00:00,5,6,6,6,6,6,6,6,4
1ffzqxil7h3zmumj85svnetx29uvej3o,ChatGPT-4,computer has negative effects to children,2023-03-28 13:11:20.669872+00:00,2,3,4,4,4,4,4,4,2
7h4kehby4qflhzzjg13qr89hl89kr6s2,ChatGPT-3,capital punishment..necessary or not,2023-03-28 13:11:23.555323+00:00,1,5,5,5,5,5,5,5,0
fpclvya6ezg3r9y75so0eijx3g92fth7,ChatGPT-3,Nowadays there are more opportunities for women than there were in the past,2023-03-28 13:11:25.929307+00:00,1,5,4,4,5,5,5,5,0
uatb851hhhj4nslj3ocd8yo240wnqgu5,ChatGPT-3,Artists' freedom to express ideas,2023-03-28 13:11:26.590505+00:00,2,3,4,3,4,3,3,3,0
0ynzvwvxifu3enwwv5vog2rc8via3sb4,Student,Use of CCTV cameras,2023-03-28 13:11:32.661315+00:00,2,3,5,5,5,5,5,5,2
hwlcvhvkpcsq26vqw3h4agtiu450yue0,ChatGPT-4,Should students be taught to compete or to cooperate?,2023-03-28 13:11:32.824144+00:00,5,5,5,5,6,6,5,6,3
ovveu2pletq3xkjup4t2qmqe3u69ytcb,ChatGPT-4,Can petrol price increase impact on reducing traffic and pollution?,2023-03-28 13:11:35.487146+00:00,3,5,6,4,6,4,5,5,1
8j5mwnzgha1ifg9okov4p9mpwdxxvf6x,Student,effects of globalization (decrease in global tension),2023-03-28 13:11:40.014971+00:00,3,3,4,3,3,3,4,4,3
mfctuxkizf1flo6083xotwsi3o40wdup,ChatGPT-3,technology that widen the gap between rich and poor?,2023-03-28 13:11:44.640917+00:00,1,5,5,5,6,4,5,5,0
ksredoneqru0xqxf7nq2hydb58zr0nvn,Student,Government And Education,2023-03-28 13:11:49.755219+00:00,3,2,2,2,1,2,2,1,3
85d01jfwme6nq0xuv81yn1jel0bsnxq6,ChatGPT-3,Technology keeps traditional skills and ways of life alive or not?,2023-03-28 13:11:52.574648+00:00,3,4,5,4,6,5,6,5,2
ccq6yh0sv33g0hhab3fqtcunap9lxrz1,ChatGPT-3,museums and art galleries will disappear soon?,2023-03-28 13:11:56.542821+00:00,2,5,5,5,6,5,5,5,1
goy6fcxoim5ydlkiarbswih1qcqqca18,ChatGPT-4,The Truth About Cannabis,2023-03-28 13:11:59.351022+00:00,2,3,4,4,5,4,4,5,2
g0rntgh8sk4ehswu3iphviv8byk5bgad,Student,Knowledge from experience is more important than that from books,2023-03-28 13:12:20.461046+00:00,4,5,3,4,1,4,4,5,3
wmwrgz5dwqtgkkxf3mz3efhc44w9ly2u,ChatGPT-4,Should rich countries help poor countries?,2023-03-28 13:12:33.990156+00:00,2,4,4,3,6,5,6,5,1
c5e8dbxl8892elwdq7enj4u6ldlp7zag,Student,Government should make more effort to promote alternative sources of energy,2023-03-28 13:12:35.325546+00:00,4,2,2,1,1,1,1,2,1
gzefi1rs5qm7904owyzotxhxc3ny9goh,ChatGPT-3,Creative Artists,2023-03-28 13:12:35.662420+00:00,4,5,4,4,5,5,5,5,3
c65f6wf1av4g3nkfzj11vbs3j4ut7e5p,ChatGPT-4,advantages and disadvantages of the prevalent of English,2023-03-28 13:12:40.782394+00:00,4,5,5,5,5,5,5,5,3
mfctuxkizf1flo6083xotwsi3o40wdup,ChatGPT-3,Museums as a form of entertainment or education?,2023-03-28 13:12:42.770186+00:00,1,4,5,4,5,4,4,5,0
27cy61crue3numwu12qb1yjahlgx4dfo,Student,Should students be taught to compete or to cooperate?,2023-03-28 13:12:43.811419+00:00,1,3,3,3,3,3,3,3,0
6z2czq2ox46ouw2hdygosn0svlyq2l9l,Student,Benefits of students' unpaid work,2023-03-28 13:12:48.366322+00:00,1,4,4,3,5,5,4,3,2
3abdtb3vc2w8k9u6k3bbajtd6szuifko,ChatGPT-3,should goverment control media crime,2023-03-28 13:12:58.424807+00:00,4,3,2,2,3,4,3,3,3
fxty78tj0luhghulpp686zi9swrx64xi,ChatGPT-4,Should high school make music lessons compulsory,2023-03-28 13:13:00.936262+00:00,2,3,5,4,5,4,5,4,2
ijrt9imkugyvgpj17hpnqv2zzrcbokzz,Student,Solve traffic and housing problems by moving companies to the rural areas?,2023-03-28 13:13:02.241141+00:00,4,4,4,4,5,5,5,4,2
yoo1jra1u9p6xm2ijx2uqx6b8i1bpz2d,ChatGPT-4,Those who use drugs should be automatically sentenced to time in prison,2023-03-28 13:13:07.424089+00:00,3,4,5,4,5,5,5,5,2
urzb5uheinwspm5r00lot77vksy6a8l5,Student,"computers..use,future prospects and over-dependence",2023-03-28 13:13:14.461607+00:00,1,2,4,4,3,2,3,3,0
zprb1muapmszr1s8btczu55w5y4wlxpe,Student,distance-learning vs. attending school in person,2023-03-28 13:13:18.491239+00:00,4,5,5,5,4,5,5,4,2
q6pbiymk6hbriv1i7otts03k8x05w5x5,Student,Gender Equality at university admission,2023-03-28 13:13:18.595985+00:00,1,2,2,3,3,3,3,3,1
9e29g8fljpiaqqzio6jvwh2p62k960km,ChatGPT-3,Government should be responsible for education and health care or not?,2023-03-28 13:13:25.975005+00:00,2,4,4,4,4,4,4,4,3
1ffzqxil7h3zmumj85svnetx29uvej3o,ChatGPT-4,Museums as a form of entertainment or education?,2023-03-28 13:13:31.662099+00:00,2,4,5,4,5,5,5,5,2
wjtbk547gm3kbhm2syykrda91a9koceu,ChatGPT-3,Giving mobile phones to the unemployed,2023-03-28 13:13:36.550685+00:00,4,6,5,5,6,4,5,5,3
0ynzvwvxifu3enwwv5vog2rc8via3sb4,Student,Why should human beings travel to outer space?,2023-03-28 13:13:38.679954+00:00,2,4,4,3,6,3,4,3,1
kxhdunah6ib3a2597w6f4ikbyukby99e,ChatGPT-3,is a break good or bad after high school for students,2023-03-28 13:13:40.472744+00:00,3,5,5,4,6,4,5,4,4
uwrin05xaajicfy33jc255se0w5vq22d,ChatGPT-4,Several languages are in danger of extinction,2023-03-28 13:13:41.307830+00:00,2,6,5,5,6,5,6,5,3
xea685r9fwrkuaugtc3aucspv34av5el,ChatGPT-3,economic development vs environment,2023-03-28 13:13:52.360323+00:00,5,4,4,5,4,5,5,4,3
6y89af5q9a9exs9tcc2lk9tphhn6oeh3,ChatGPT-4,True Function of A University,2023-03-28 13:13:52.959473+00:00,3,5,5,4,4,5,4,4,3
8j5mwnzgha1ifg9okov4p9mpwdxxvf6x,ChatGPT-4,International tourism is now more common than ever before (for),2023-03-28 13:14:08.901916+00:00,3,5,5,6,6,4,5,6,3
0j5ac1w3jqs3n4d88fxghkr996puxnzf,ChatGPT-4,Gun control,2023-03-28 13:14:14.231158+00:00,2,5,4,5,5,5,5,5,2
7m0e64i3izio38r6xchtiigf45pqo57b,ChatGPT-4,Gender Equality at university admission,2023-03-28 13:14:15.349392+00:00,4,3,4,3,5,4,4,5,2
4pk3owfwo13gmb1w2lq7wadkc9sjzb18,ChatGPT-3,The Non-Issue of Same Sex Marriage,2023-03-28 13:14:32.283705+00:00,5,3,3,3,5,4,5,5,3
2qpxkgwgxmlymjo937jx65f3dzqzisx6,Student,More people are migrating to other countries than ever before,2023-03-28 13:14:47.541770+00:00,2,2,2,2,3,3,3,3,2
27cy61crue3numwu12qb1yjahlgx4dfo,ChatGPT-4,Advertisements affects on consumer goods,2023-03-28 13:15:05.283698+00:00,1,3,3,3,3,3,3,3,1
c5e8dbxl8892elwdq7enj4u6ldlp7zag,Student,Air pollution,2023-03-28 13:15:06.823803+00:00,4,1,0,0,1,1,0,1,3
urzb5uheinwspm5r00lot77vksy6a8l5,ChatGPT-3,Young people should go to university or not,2023-03-28 13:15:15.118437+00:00,1,2,1,1,1,1,1,1,0
l3e1dw5u4qyqqxikbnx4ojfwzz8zx20i,Student,Can petrol price increase impact on reducing traffic and pollution?,2023-03-28 13:15:25.751520+00:00,5,2,3,2,4,4,4,4,2
6z2czq2ox46ouw2hdygosn0svlyq2l9l,ChatGPT-4,Benefits of students doing extra jobs,2023-03-28 13:15:27.938996+00:00,1,5,5,5,5,6,5,5,2
zprb1muapmszr1s8btczu55w5y4wlxpe,ChatGPT-4,Benefits of students' unpaid work,2023-03-28 13:15:35.704809+00:00,4,6,6,6,6,6,6,6,4
c65f6wf1av4g3nkfzj11vbs3j4ut7e5p,Student,Advertisements affects on consumer goods,2023-03-28 13:15:43.913612+00:00,4,4,4,4,3,3,4,3,3
g0rntgh8sk4ehswu3iphviv8byk5bgad,ChatGPT-4,Air pollution,2023-03-28 13:15:46.734139+00:00,4,6,6,5,6,5,5,3,2
goy6fcxoim5ydlkiarbswih1qcqqca18,ChatGPT-3,Why should human beings travel to outer space?,2023-03-28 13:15:47.378514+00:00,2,4,4,3,6,3,4,4,2
gzefi1rs5qm7904owyzotxhxc3ny9goh,Student,Benefits of students doing extra jobs,2023-03-28 13:15:52.214596+00:00,4,4,4,4,1,2,2,3,3
27cy61crue3numwu12qb1yjahlgx4dfo,Student,computer has negative effects to children,2023-03-28 13:16:04.986995+00:00,1,3,3,3,3,3,3,3,0
85d01jfwme6nq0xuv81yn1jel0bsnxq6,ChatGPT-3,International tourism is now more common than ever before (for),2023-03-28 13:16:05.351327+00:00,3,3,3,4,6,5,5,5,3
wmwrgz5dwqtgkkxf3mz3efhc44w9ly2u,ChatGPT-3,Air pollution,2023-03-28 13:16:06.063637+00:00,2,4,4,4,4,2,3,3,1
urzb5uheinwspm5r00lot77vksy6a8l5,Student,Influence Of Large Factory,2023-03-28 13:16:23.210501+00:00,1,6,6,6,6,6,6,6,0
kgermx9bs6qgjoj2uylwnlxuf2qmn2cx,ChatGPT-3,More people are migrating to other countries than ever before,2023-03-28 13:16:50.078866+00:00,5,5,6,5,6,6,6,6,4
0j5ac1w3jqs3n4d88fxghkr996puxnzf,ChatGPT-3,Benefits of students' unpaid work,2023-03-28 13:16:55.210775+00:00,2,4,4,3,4,3,4,4,2
z829f0o2q6wb7in59s4xp8d6xpwhkzcg,ChatGPT-4,zoos should be banned,2023-03-28 13:16:58.921791+00:00,2,6,6,5,6,5,6,5,3
7m0e64i3izio38r6xchtiigf45pqo57b,ChatGPT-3,computer has negative effects to children,2023-03-28 13:17:01.582738+00:00,4,4,5,4,5,4,5,5,2
kxhdunah6ib3a2597w6f4ikbyukby99e,ChatGPT-4,Effects of mobile phones,2023-03-28 13:17:03.412875+00:00,3,5,5,4,6,5,6,5,3
rfnh84gq81cvrlu3bnwwf18rgmfux1n2,ChatGPT-3,should all the advertisements be banned?,2023-03-28 13:17:09.383442+00:00,3,2,3,4,4,3,4,4,1
3abdtb3vc2w8k9u6k3bbajtd6szuifko,ChatGPT-3,Benefits of students doing extra jobs,2023-03-28 13:17:29.010655+00:00,4,3,1,1,1,2,1,2,2
rfnh84gq81cvrlu3bnwwf18rgmfux1n2,ChatGPT-3,Financial Aid To Developing Countries,2023-03-28 13:17:32.342177+00:00,3,5,5,5,4,5,5,4,1
5sar2ewqwwbauto2piv4m8k7nlzbi0nv,Student,Young people should go to university or not,2023-03-28 13:17:35.295153+00:00,1,5,5,4,4,2,4,4,0
ovveu2pletq3xkjup4t2qmqe3u69ytcb,Student,International tourism is now more common than ever before (for),2023-03-28 13:17:36.619625+00:00,3,6,5,6,3,5,3,3,2
xea685r9fwrkuaugtc3aucspv34av5el,Student,Effects of mobile phones,2023-03-28 13:17:53.677068+00:00,5,2,1,1,2,2,2,3,3
urzb5uheinwspm5r00lot77vksy6a8l5,ChatGPT-4,Prepared Food,2023-03-28 13:18:06.289258+00:00,1,4,4,4,5,4,4,4,0
goy6fcxoim5ydlkiarbswih1qcqqca18,ChatGPT-3,Prepared Food,2023-03-28 13:18:22.486119+00:00,2,3,4,3,6,3,4,4,2
g0rntgh8sk4ehswu3iphviv8byk5bgad,ChatGPT-4,Influence Of Large Factory,2023-03-28 13:18:50.982079+00:00,4,6,6,6,6,6,5,5,3
l3e1dw5u4qyqqxikbnx4ojfwzz8zx20i,ChatGPT-3,Paying more money is the only motivation to make employees work harder,2023-03-28 13:19:00.395649+00:00,5,3,2,3,5,5,5,5,2
z829f0o2q6wb7in59s4xp8d6xpwhkzcg,Student,Prepared Food,2023-03-28 13:19:17.716825+00:00,2,5,5,4,3,4,4,3,3
6y89af5q9a9exs9tcc2lk9tphhn6oeh3,ChatGPT-3,Effects of mobile phones,2023-03-28 13:19:22.126373+00:00,3,5,5,4,6,4,5,5,3
4pk3owfwo13gmb1w2lq7wadkc9sjzb18,Student,Paying more money is the only motivation to make employees work harder,2023-03-28 13:19:52.119319+00:00,5,3,3,3,4,4,4,4,3
7m0e64i3izio38r6xchtiigf45pqo57b,ChatGPT-4,"Sporting events easing international tensions, releasing patriotic feelings",2023-03-28 13:20:15.680205+00:00,4,4,4,4,5,3,4,5,2
l3e1dw5u4qyqqxikbnx4ojfwzz8zx20i,Student,Society should ban all forms of the advertising,2023-03-28 13:20:47.167673+00:00,5,5,5,5,4,5,4,5,2
5sar2ewqwwbauto2piv4m8k7nlzbi0nv,ChatGPT-3,"Sporting events easing international tensions, releasing patriotic feelings",2023-03-28 13:21:09.197198+00:00,1,4,4,3,6,5,5,5,0
gzefi1rs5qm7904owyzotxhxc3ny9goh,Student,"Sporting events easing international tensions, releasing patriotic feelings",2023-03-28 13:21:28.931010+00:00,4,3,4,4,4,4,4,4,2
urzb5uheinwspm5r00lot77vksy6a8l5,ChatGPT-3,Government should make more effort to promote alternative sources of energy,2023-03-28 13:21:35.158699+00:00,1,4,4,4,4,4,4,4,0
gzefi1rs5qm7904owyzotxhxc3ny9goh,ChatGPT-3,Do married women usually work? Why and why not?,2023-03-28 13:22:13.395287+00:00,4,5,5,5,6,6,5,5,3
ovveu2pletq3xkjup4t2qmqe3u69ytcb,Student,Financial Aid To Developing Countries,2023-03-28 13:23:37.809917+00:00,3,6,4,5,3,4,5,4,1
5sar2ewqwwbauto2piv4m8k7nlzbi0nv,Student,Do married women usually work? Why and why not?,2023-03-28 13:24:51.536043+00:00,1,0,0,0,3,2,2,3,0
ovveu2pletq3xkjup4t2qmqe3u69ytcb,ChatGPT-4,Government should make more effort to promote alternative sources of energy,2023-03-28 13:25:25.609839+00:00,3,6,6,6,6,4,5,5,0
ovveu2pletq3xkjup4t2qmqe3u69ytcb,ChatGPT-3,International tourism is now more common than ever before (against),2023-03-28 13:26:22.432997+00:00,3,6,6,5,6,4,5,6,0
5sar2ewqwwbauto2piv4m8k7nlzbi0nv,ChatGPT-4,Should governments be responsible to help the unemployed and homeless,2023-03-28 13:29:16.787785+00:00,1,6,6,5,6,5,5,4,0
ru8on6nvucn5y660nt0o3epk27uuzkah,ChatGPT-4,Computer replace  man power in jobs,2023-03-28 13:51:06.441142+00:00,4,4,4,4,4,4,4,4,4
ru8on6nvucn5y660nt0o3epk27uuzkah,ChatGPT-4,Government And Education,2023-03-28 13:51:54.391852+00:00,4,2,2,2,2,2,2,2,3
ru8on6nvucn5y660nt0o3epk27uuzkah,ChatGPT-3,Living and studying overseas,2023-03-28 13:52:31.762532+00:00,4,4,4,4,4,4,4,4,3
ru8on6nvucn5y660nt0o3epk27uuzkah,ChatGPT-3,Why you should exercise,2023-03-28 13:52:55.590784+00:00,4,4,4,4,4,4,4,4,3
ru8on6nvucn5y660nt0o3epk27uuzkah,ChatGPT-3,Alternative forms of transport to alleviate traffic congestion,2023-03-28 13:55:21.943224+00:00,4,4,4,2,5,3,4,3,4
ru8on6nvucn5y660nt0o3epk27uuzkah,Student,Will newspapers become a thing of the past?,2023-03-28 13:55:51.370998+00:00,4,4,4,2,3,2,4,3,4
5sar2ewqwwbauto2piv4m8k7nlzbi0nv,Student,International tourism is now more common than ever before (against),2023-03-28 14:15:01.390192+00:00,1,3,3,2,4,3,3,3,0
5sar2ewqwwbauto2piv4m8k7nlzbi0nv,ChatGPT-4,Living and studying overseas,2023-03-28 14:18:36.671371+00:00,1,6,5,5,6,5,5,5,0
